ISO-10303-21;
HEADER;
FILE_DESCRIPTION((''),'2;1');
FILE_NAME('C-ANT-868-CW-RCS','2024-03-01T09:27:44',('workeradm'),(
'TE Connectivity Ltd.'),'CREO PARAMETRIC BY PTC INC, 2021072',
'CREO PARAMETRIC BY PTC INC, 2021072','');
FILE_SCHEMA(('AUTOMOTIVE_DESIGN { 1 0 10303 214 1 1 1 1 }'));
ENDSEC;
DATA;
#135=CARTESIAN_POINT('',(4.55E1,0.E0,-1.272E1));
#136=DIRECTION('',(0.E0,1.E0,0.E0));
#137=DIRECTION('',(0.E0,0.E0,1.E0));
#138=AXIS2_PLACEMENT_3D('',#135,#136,#137);
#140=CARTESIAN_POINT('',(4.55E1,0.E0,-1.272E1));
#141=DIRECTION('',(1.E0,0.E0,0.E0));
#142=DIRECTION('',(0.E0,0.E0,-1.E0));
#143=AXIS2_PLACEMENT_3D('',#140,#141,#142);
#145=CARTESIAN_POINT('',(4.55E1,0.E0,-1.272E1));
#146=DIRECTION('',(0.E0,-1.E0,0.E0));
#147=DIRECTION('',(0.E0,0.E0,-1.E0));
#148=AXIS2_PLACEMENT_3D('',#145,#146,#147);
#150=CARTESIAN_POINT('',(4.55E1,0.E0,-1.272E1));
#151=DIRECTION('',(1.E0,0.E0,0.E0));
#152=DIRECTION('',(0.E0,0.E0,1.E0));
#153=AXIS2_PLACEMENT_3D('',#150,#151,#152);
#155=DIRECTION('',(-1.E0,0.E0,0.E0));
#156=VECTOR('',#155,3.15E1);
#157=CARTESIAN_POINT('',(4.55E1,0.E0,-9.22E0));
#158=LINE('',#157,#156);
#159=DIRECTION('',(1.E0,0.E0,0.E0));
#160=VECTOR('',#159,3.15E1);
#161=CARTESIAN_POINT('',(1.4E1,0.E0,-1.622E1));
#162=LINE('',#161,#160);
#163=CARTESIAN_POINT('',(1.35E1,0.E0,-1.272E1));
#164=DIRECTION('',(1.E0,0.E0,0.E0));
#165=DIRECTION('',(0.E0,0.E0,-1.E0));
#166=AXIS2_PLACEMENT_3D('',#163,#164,#165);
#168=CARTESIAN_POINT('',(1.35E1,0.E0,-1.599087121525E1));
#169=DIRECTION('',(0.E0,1.E0,0.E0));
#170=DIRECTION('',(9.090909090909E-1,0.E0,-4.165977904506E-1));
#171=AXIS2_PLACEMENT_3D('',#168,#169,#170);
#173=CARTESIAN_POINT('',(1.4E1,0.E0,-1.272E1));
#174=DIRECTION('',(-1.E0,0.E0,0.E0));
#175=DIRECTION('',(0.E0,0.E0,1.E0));
#176=AXIS2_PLACEMENT_3D('',#173,#174,#175);
#178=DIRECTION('',(-1.E0,0.E0,0.E0));
#179=VECTOR('',#178,4.E0);
#180=CARTESIAN_POINT('',(1.35E1,0.E0,-8.899128784748E0));
#181=LINE('',#180,#179);
#182=DIRECTION('',(1.E0,0.E0,0.E0));
#183=VECTOR('',#182,4.E0);
#184=CARTESIAN_POINT('',(9.5E0,0.E0,-1.654087121525E1));
#185=LINE('',#184,#183);
#186=CARTESIAN_POINT('',(9.5E0,0.E0,-1.272E1));
#187=DIRECTION('',(1.E0,0.E0,0.E0));
#188=DIRECTION('',(0.E0,0.E0,1.E0));
#189=AXIS2_PLACEMENT_3D('',#186,#187,#188);
#191=CARTESIAN_POINT('',(9.5E0,0.E0,-9.449128784748E0));
#192=DIRECTION('',(0.E0,-1.E0,0.E0));
#193=DIRECTION('',(0.E0,0.E0,1.E0));
#194=AXIS2_PLACEMENT_3D('',#191,#192,#193);
#196=CARTESIAN_POINT('',(9.5E0,0.E0,-1.272E1));
#197=DIRECTION('',(1.E0,0.E0,0.E0));
#198=DIRECTION('',(0.E0,0.E0,-1.E0));
#199=AXIS2_PLACEMENT_3D('',#196,#197,#198);
#201=CARTESIAN_POINT('',(9.5E0,0.E0,-1.599087121525E1));
#202=DIRECTION('',(0.E0,1.E0,0.E0));
#203=DIRECTION('',(0.E0,0.E0,-1.E0));
#204=AXIS2_PLACEMENT_3D('',#201,#202,#203);
#206=CARTESIAN_POINT('',(9.E0,0.E0,-1.672E1));
#207=DIRECTION('',(0.E0,-1.E0,0.E0));
#208=DIRECTION('',(0.E0,0.E0,1.E0));
#209=AXIS2_PLACEMENT_3D('',#206,#207,#208);
#211=CARTESIAN_POINT('',(9.E0,0.E0,-1.272E1));
#212=DIRECTION('',(-1.E0,0.E0,0.E0));
#213=DIRECTION('',(0.E0,0.E0,1.E0));
#214=AXIS2_PLACEMENT_3D('',#211,#212,#213);
#216=CARTESIAN_POINT('',(8.566987298108E0,0.E0,-1.272E1));
#217=DIRECTION('',(1.E0,0.E0,0.E0));
#218=DIRECTION('',(0.E0,0.E0,-1.E0));
#219=AXIS2_PLACEMENT_3D('',#216,#217,#218);
#221=CARTESIAN_POINT('',(8.566987298108E0,0.E0,-1.272E1));
#222=DIRECTION('',(1.E0,0.E0,0.E0));
#223=DIRECTION('',(0.E0,0.E0,1.E0));
#224=AXIS2_PLACEMENT_3D('',#221,#222,#223);
#226=CARTESIAN_POINT('',(9.E0,0.E0,-8.72E0));
#227=DIRECTION('',(0.E0,1.E0,0.E0));
#228=DIRECTION('',(0.E0,0.E0,-1.E0));
#229=AXIS2_PLACEMENT_3D('',#226,#227,#228);
#231=CARTESIAN_POINT('',(9.E0,0.E0,-1.272E1));
#232=DIRECTION('',(-1.E0,0.E0,0.E0));
#233=DIRECTION('',(0.E0,0.E0,-1.E0));
#234=AXIS2_PLACEMENT_3D('',#231,#232,#233);
#236=CARTESIAN_POINT('',(8.133974596216E0,0.E0,-1.622E1));
#237=DIRECTION('',(0.E0,-1.E0,0.E0));
#238=DIRECTION('',(2.568427380644E-1,0.E0,-9.664532104058E-1));
#239=AXIS2_PLACEMENT_3D('',#236,#237,#238);
#241=CARTESIAN_POINT('',(8.262395965248E0,0.E0,-1.272E1));
#242=DIRECTION('',(1.E0,0.E0,0.E0));
#243=DIRECTION('',(0.E0,0.E0,1.E0));
#244=AXIS2_PLACEMENT_3D('',#241,#242,#243);
#246=CARTESIAN_POINT('',(8.133974596216E0,0.E0,-9.22E0));
#247=DIRECTION('',(0.E0,1.E0,0.E0));
#248=DIRECTION('',(2.568427380644E-1,0.E0,9.664532104058E-1));
#249=AXIS2_PLACEMENT_3D('',#246,#247,#248);
#251=CARTESIAN_POINT('',(8.262395965248E0,0.E0,-1.272E1));
#252=DIRECTION('',(1.E0,0.E0,0.E0));
#253=DIRECTION('',(0.E0,0.E0,-1.E0));
#254=AXIS2_PLACEMENT_3D('',#251,#252,#253);
#256=DIRECTION('',(9.664532104058E-1,0.E0,-2.568427380644E-1));
#257=VECTOR('',#256,2.725403121285E0);
#258=CARTESIAN_POINT('',(5.628421369032E0,0.E0,-8.036773394797E0));
#259=LINE('',#258,#257);
#260=DIRECTION('',(9.664532104058E-1,0.E0,2.568427380644E-1));
#261=VECTOR('',#260,2.725403121285E0);
#262=CARTESIAN_POINT('',(5.628421369032E0,0.E0,-1.740322660520E1));
#263=LINE('',#262,#261);
#264=CARTESIAN_POINT('',(5.5E0,0.E0,-1.692E1));
#265=DIRECTION('',(0.E0,-1.E0,0.E0));
#266=DIRECTION('',(0.E0,0.E0,-1.E0));
#267=AXIS2_PLACEMENT_3D('',#264,#265,#266);
#269=CARTESIAN_POINT('',(5.5E0,0.E0,-1.272E1));
#270=DIRECTION('',(1.E0,0.E0,0.E0));
#271=DIRECTION('',(0.E0,0.E0,1.E0));
#272=AXIS2_PLACEMENT_3D('',#269,#270,#271);
#274=CARTESIAN_POINT('',(5.628421369032E0,0.E0,-1.272E1));
#275=DIRECTION('',(-1.E0,0.E0,0.E0));
#276=DIRECTION('',(0.E0,0.E0,-1.E0));
#277=AXIS2_PLACEMENT_3D('',#274,#275,#276);
#279=CARTESIAN_POINT('',(5.628421369032E0,0.E0,-1.272E1));
#280=DIRECTION('',(-1.E0,0.E0,0.E0));
#281=DIRECTION('',(0.E0,0.E0,1.E0));
#282=AXIS2_PLACEMENT_3D('',#279,#280,#281);
#284=CARTESIAN_POINT('',(5.5E0,0.E0,-8.52E0));
#285=DIRECTION('',(0.E0,1.E0,0.E0));
#286=DIRECTION('',(0.E0,0.E0,1.E0));
#287=AXIS2_PLACEMENT_3D('',#284,#285,#286);
#289=CARTESIAN_POINT('',(5.5E0,0.E0,-1.272E1));
#290=DIRECTION('',(1.E0,0.E0,0.E0));
#291=DIRECTION('',(0.E0,0.E0,-1.E0));
#292=AXIS2_PLACEMENT_3D('',#289,#290,#291);
#294=DIRECTION('',(1.E0,0.E0,0.E0));
#295=VECTOR('',#294,5.E-1);
#296=CARTESIAN_POINT('',(5.E0,0.E0,-8.02E0));
#297=LINE('',#296,#295);
#298=DIRECTION('',(1.E0,0.E0,0.E0));
#299=VECTOR('',#298,5.E-1);
#300=CARTESIAN_POINT('',(5.E0,0.E0,-1.742E1));
#301=LINE('',#300,#299);
#302=CARTESIAN_POINT('',(5.E0,0.E0,-1.272E1));
#303=DIRECTION('',(-1.E0,0.E0,0.E0));
#304=DIRECTION('',(0.E0,0.E0,1.E0));
#305=AXIS2_PLACEMENT_3D('',#302,#303,#304);
#307=CARTESIAN_POINT('',(5.E0,0.E0,-1.272E1));
#308=DIRECTION('',(-1.E0,0.E0,0.E0));
#309=DIRECTION('',(0.E0,0.E0,-1.E0));
#310=AXIS2_PLACEMENT_3D('',#307,#308,#309);
#312=CARTESIAN_POINT('',(5.E0,0.E0,-1.272E1));
#313=DIRECTION('',(-1.E0,0.E0,0.E0));
#314=DIRECTION('',(0.E0,-1.E0,0.E0));
#315=AXIS2_PLACEMENT_3D('',#312,#313,#314);
#317=CARTESIAN_POINT('',(5.E0,0.E0,-1.272E1));
#318=DIRECTION('',(-1.E0,0.E0,0.E0));
#319=DIRECTION('',(0.E0,1.E0,0.E0));
#320=AXIS2_PLACEMENT_3D('',#317,#318,#319);
#322=DIRECTION('',(1.E0,0.E0,0.E0));
#323=VECTOR('',#322,1.5E0);
#324=CARTESIAN_POINT('',(3.5E0,-3.5E0,-1.272E1));
#325=LINE('',#324,#323);
#326=DIRECTION('',(1.E0,0.E0,0.E0));
#327=VECTOR('',#326,1.5E0);
#328=CARTESIAN_POINT('',(3.5E0,3.5E0,-1.272E1));
#329=LINE('',#328,#327);
#330=CARTESIAN_POINT('',(3.5E0,0.E0,-1.272E1));
#331=DIRECTION('',(-1.E0,0.E0,0.E0));
#332=DIRECTION('',(0.E0,1.E0,1.015061051086E-14));
#333=AXIS2_PLACEMENT_3D('',#330,#331,#332);
#335=CARTESIAN_POINT('',(3.5E0,0.E0,-1.272E1));
#336=DIRECTION('',(1.E0,0.E0,0.E0));
#337=DIRECTION('',(0.E0,2.340597159213E-1,-9.722222222223E-1));
#338=AXIS2_PLACEMENT_3D('',#335,#336,#337);
#340=DIRECTION('',(0.E0,0.E0,-1.E0));
#341=VECTOR('',#340,8.426149773177E-1);
#342=CARTESIAN_POINT('',(3.5E0,3.5E0,-1.272E1));
#343=LINE('',#342,#341);
#344=DIRECTION('',(0.E0,-9.960997955325E-14,-1.E0));
#345=VECTOR('',#344,8.426149773155E-1);
#346=CARTESIAN_POINT('',(3.5E0,3.5E0,-1.187738502268E1));
#347=LINE('',#346,#345);
#348=CARTESIAN_POINT('',(3.2E0,3.5E0,-9.22E0));
#349=CARTESIAN_POINT('',(3.213791385038E0,3.458291803019E0,-9.22E0));
#350=CARTESIAN_POINT('',(3.239929293518E0,3.375168300255E0,-9.22E0));
#351=CARTESIAN_POINT('',(3.275103203158E0,3.251534298349E0,-9.22E0));
#352=CARTESIAN_POINT('',(3.306597673804E0,3.128849338115E0,-9.22E0));
#353=CARTESIAN_POINT('',(3.334727262685E0,3.007000444386E0,-9.22E0));
#354=CARTESIAN_POINT('',(3.359769460829E0,2.885896929424E0,-9.22E0));
#355=CARTESIAN_POINT('',(3.381974696816E0,2.765447791494E0,-9.22E0));
#356=CARTESIAN_POINT('',(3.401553171260E0,2.645688038900E0,-9.22E0));
#357=CARTESIAN_POINT('',(3.418732329648E0,2.526461381190E0,-9.22E0));
#358=CARTESIAN_POINT('',(3.433718495927E0,2.407600389731E0,-9.22E0));
#359=CARTESIAN_POINT('',(3.446701229413E0,2.288921064649E0,-9.22E0));
#360=CARTESIAN_POINT('',(3.457851513878E0,2.170264833971E0,-9.22E0));
#361=CARTESIAN_POINT('',(3.467329099816E0,2.051454073608E0,-9.22E0));
#362=CARTESIAN_POINT('',(3.475273021918E0,1.932474017018E0,-9.22E0));
#363=CARTESIAN_POINT('',(3.481822593082E0,1.813296071346E0,-9.22E0));
#364=CARTESIAN_POINT('',(3.487118017399E0,1.693817963482E0,-9.22E0));
#365=CARTESIAN_POINT('',(3.491295172900E0,1.573930659171E0,-9.22E0));
#366=CARTESIAN_POINT('',(3.494485525686E0,1.453549890424E0,-9.22E0));
#367=CARTESIAN_POINT('',(3.496817486564E0,1.332622226198E0,-9.22E0));
#368=CARTESIAN_POINT('',(3.498417444756E0,1.211093281669E0,-9.22E0));
#369=CARTESIAN_POINT('',(3.499408880731E0,1.088952633235E0,-9.22E0));
#370=CARTESIAN_POINT('',(3.499912404670E0,9.661727289788E-1,-9.22E0));
#371=CARTESIAN_POINT('',(3.5E0,8.838740617693E-1,-9.22E0));
#372=CARTESIAN_POINT('',(3.5E0,8.426149773177E-1,-9.22E0));
#374=CARTESIAN_POINT('',(3.5E0,3.5E0,-1.187738502268E1));
#375=CARTESIAN_POINT('',(3.5E0,3.5E0,-1.183608063576E1));
#376=CARTESIAN_POINT('',(3.499912212239E0,3.5E0,-1.175369184726E1));
#377=CARTESIAN_POINT('',(3.499407462901E0,3.5E0,-1.163077875885E1));
#378=CARTESIAN_POINT('',(3.498413466411E0,3.5E0,-1.150850528333E1));
#379=CARTESIAN_POINT('',(3.496809177284E0,3.5E0,-1.138684299431E1));
#380=CARTESIAN_POINT('',(3.494470627252E0,3.5E0,-1.126577981770E1));
#381=CARTESIAN_POINT('',(3.491270942204E0,3.5E0,-1.114526283580E1));
#382=CARTESIAN_POINT('',(3.487081576605E0,3.5E0,-1.102524766810E1));
#383=CARTESIAN_POINT('',(3.481770600417E0,3.5E0,-1.090564371621E1));
#384=CARTESIAN_POINT('',(3.475200139723E0,3.5E0,-1.078631440295E1));
#385=CARTESIAN_POINT('',(3.467227907370E0,3.5E0,-1.066715210841E1));
#386=CARTESIAN_POINT('',(3.457720062257E0,3.5E0,-1.054821675581E1));
#387=CARTESIAN_POINT('',(3.446547587552E0,3.5E0,-1.042956905911E1));
#388=CARTESIAN_POINT('',(3.433546021582E0,3.5E0,-1.031093328013E1));
#389=CARTESIAN_POINT('',(3.418526221774E0,3.5E0,-1.019200707764E1));
#390=CARTESIAN_POINT('',(3.401306740481E0,3.5E0,-1.007270916850E1));
#391=CARTESIAN_POINT('',(3.381722853901E0,3.5E0,-9.953116396479E0));
#392=CARTESIAN_POINT('',(3.359573425465E0,3.5E0,-9.833119885346E0));
#393=CARTESIAN_POINT('',(3.334625803512E0,3.5E0,-9.712555649084E0));
#394=CARTESIAN_POINT('',(3.306612852985E0,3.5E0,-9.591229297491E0));
#395=CARTESIAN_POINT('',(3.275217401520E0,3.5E0,-9.468896333729E0));
#396=CARTESIAN_POINT('',(3.240075788757E0,3.5E0,-9.345315937748E0));
#397=CARTESIAN_POINT('',(3.213859358678E0,3.5E0,-9.261913764294E0));
#398=CARTESIAN_POINT('',(3.2E0,3.5E0,-9.22E0));
#400=DIRECTION('',(1.E0,0.E0,0.E0));
#401=VECTOR('',#400,6.4E0);
#402=CARTESIAN_POINT('',(-3.2E0,-3.5E0,-9.22E0));
#403=LINE('',#402,#401);
#404=DIRECTION('',(0.E0,-1.E0,0.E0));
#405=VECTOR('',#404,1.685229954635E0);
#406=CARTESIAN_POINT('',(-3.5E0,8.426149773176E-1,-9.22E0));
#407=LINE('',#406,#405);
#408=DIRECTION('',(-1.E0,0.E0,0.E0));
#409=VECTOR('',#408,6.4E0);
#410=CARTESIAN_POINT('',(3.2E0,3.5E0,-9.22E0));
#411=LINE('',#410,#409);
#412=DIRECTION('',(0.E0,1.E0,0.E0));
#413=VECTOR('',#412,8.426149773177E-1);
#414=CARTESIAN_POINT('',(3.5E0,0.E0,-9.22E0));
#415=LINE('',#414,#413);
#416=DIRECTION('',(0.E0,1.E0,0.E0));
#417=VECTOR('',#416,8.426149773177E-1);
#418=CARTESIAN_POINT('',(3.5E0,-8.426149773177E-1,-9.22E0));
#419=LINE('',#418,#417);
#420=CARTESIAN_POINT('',(0.E0,0.E0,-9.22E0));
#421=DIRECTION('',(0.E0,0.E0,-1.E0));
#422=DIRECTION('',(0.E0,1.E0,0.E0));
#423=AXIS2_PLACEMENT_3D('',#420,#421,#422);
#425=CARTESIAN_POINT('',(0.E0,0.E0,-9.22E0));
#426=DIRECTION('',(0.E0,0.E0,-1.E0));
#427=DIRECTION('',(0.E0,-1.E0,0.E0));
#428=AXIS2_PLACEMENT_3D('',#425,#426,#427);
#430=CARTESIAN_POINT('',(3.5E0,-8.426149773177E-1,-9.22E0));
#431=CARTESIAN_POINT('',(3.5E0,-8.839193642515E-1,-9.22E0));
#432=CARTESIAN_POINT('',(3.499912212239E0,-9.663081527603E-1,-9.22E0));
#433=CARTESIAN_POINT('',(3.499407462900E0,-1.089221241198E0,-9.22E0));
#434=CARTESIAN_POINT('',(3.498413466411E0,-1.211494716729E0,-9.22E0));
#435=CARTESIAN_POINT('',(3.496809177282E0,-1.333157005771E0,-9.22E0));
#436=CARTESIAN_POINT('',(3.494470627250E0,-1.454220182402E0,-9.22E0));
#437=CARTESIAN_POINT('',(3.491270942200E0,-1.574737164325E0,-9.22E0));
#438=CARTESIAN_POINT('',(3.487081576599E0,-1.694752332046E0,-9.22E0));
#439=CARTESIAN_POINT('',(3.481770600410E0,-1.814356283950E0,-9.22E0));
#440=CARTESIAN_POINT('',(3.475200139712E0,-1.933685597227E0,-9.22E0));
#441=CARTESIAN_POINT('',(3.467227907355E0,-2.052847891796E0,-9.22E0));
#442=CARTESIAN_POINT('',(3.457720062237E0,-2.171783244413E0,-9.22E0));
#443=CARTESIAN_POINT('',(3.446547587530E0,-2.290430941099E0,-9.22E0));
#444=CARTESIAN_POINT('',(3.433546021560E0,-2.409066720059E0,-9.22E0));
#445=CARTESIAN_POINT('',(3.418526221751E0,-2.527992922532E0,-9.22E0));
#446=CARTESIAN_POINT('',(3.401306740456E0,-2.647290831659E0,-9.22E0));
#447=CARTESIAN_POINT('',(3.381722853877E0,-2.766883603655E0,-9.22E0));
#448=CARTESIAN_POINT('',(3.359573425447E0,-2.886880114742E0,-9.22E0));
#449=CARTESIAN_POINT('',(3.334625803505E0,-3.007444350947E0,-9.22E0));
#450=CARTESIAN_POINT('',(3.306612852990E0,-3.128770702485E0,-9.22E0));
#451=CARTESIAN_POINT('',(3.275217401536E0,-3.251103666211E0,-9.22E0));
#452=CARTESIAN_POINT('',(3.240075788776E0,-3.374684062190E0,-9.22E0));
#453=CARTESIAN_POINT('',(3.213859358687E0,-3.458086235680E0,-9.22E0));
#454=CARTESIAN_POINT('',(3.2E0,-3.5E0,-9.22E0));
#456=CARTESIAN_POINT('',(3.2E0,-3.5E0,-9.22E0));
#457=CARTESIAN_POINT('',(3.213791385038E0,-3.5E0,-9.261708196981E0));
#458=CARTESIAN_POINT('',(3.239929293518E0,-3.5E0,-9.344831699745E0));
#459=CARTESIAN_POINT('',(3.275103203158E0,-3.5E0,-9.468465701651E0));
#460=CARTESIAN_POINT('',(3.306597673804E0,-3.5E0,-9.591150661885E0));
#461=CARTESIAN_POINT('',(3.334727262685E0,-3.5E0,-9.712999555614E0));
#462=CARTESIAN_POINT('',(3.359769460829E0,-3.5E0,-9.834103070576E0));
#463=CARTESIAN_POINT('',(3.381974696816E0,-3.5E0,-9.954552208506E0));
#464=CARTESIAN_POINT('',(3.401553171260E0,-3.5E0,-1.007431196110E1));
#465=CARTESIAN_POINT('',(3.418732329648E0,-3.5E0,-1.019353861881E1));
#466=CARTESIAN_POINT('',(3.433718495927E0,-3.5E0,-1.031239961027E1));
#467=CARTESIAN_POINT('',(3.446701229413E0,-3.5E0,-1.043107893535E1));
#468=CARTESIAN_POINT('',(3.457851513878E0,-3.5E0,-1.054973516603E1));
#469=CARTESIAN_POINT('',(3.467329099816E0,-3.5E0,-1.066854592639E1));
#470=CARTESIAN_POINT('',(3.475273021918E0,-3.5E0,-1.078752598298E1));
#471=CARTESIAN_POINT('',(3.481822593082E0,-3.5E0,-1.090670392865E1));
#472=CARTESIAN_POINT('',(3.487118017399E0,-3.5E0,-1.102618203652E1));
#473=CARTESIAN_POINT('',(3.491295172900E0,-3.5E0,-1.114606934083E1));
#474=CARTESIAN_POINT('',(3.494485525686E0,-3.5E0,-1.126645010958E1));
#475=CARTESIAN_POINT('',(3.496817486564E0,-3.5E0,-1.138737777380E1));
#476=CARTESIAN_POINT('',(3.498417444756E0,-3.5E0,-1.150890671833E1));
#477=CARTESIAN_POINT('',(3.499408880731E0,-3.5E0,-1.163104736676E1));
#478=CARTESIAN_POINT('',(3.499912404670E0,-3.5E0,-1.175382727102E1));
#479=CARTESIAN_POINT('',(3.5E0,-3.5E0,-1.183612593823E1));
#480=CARTESIAN_POINT('',(3.5E0,-3.5E0,-1.187738502268E1));
#482=CARTESIAN_POINT('',(3.5E0,0.E0,-1.272E1));
#483=DIRECTION('',(-1.E0,0.E0,0.E0));
#484=DIRECTION('',(0.E0,-1.E0,1.015061051086E-14));
#485=AXIS2_PLACEMENT_3D('',#482,#483,#484);
#487=DIRECTION('',(0.E0,0.E0,-1.E0));
#488=VECTOR('',#487,8.426149773177E-1);
#489=CARTESIAN_POINT('',(3.5E0,-3.5E0,-1.187738502268E1));
#490=LINE('',#489,#488);
#491=CARTESIAN_POINT('',(3.5E0,0.E0,-1.272E1));
#492=DIRECTION('',(1.E0,0.E0,0.E0));
#493=DIRECTION('',(0.E0,-2.340597159216E-1,9.722222222222E-1));
#494=AXIS2_PLACEMENT_3D('',#491,#492,#493);
#496=DIRECTION('',(0.E0,0.E0,-1.E0));
#497=VECTOR('',#496,1.685229954635E0);
#498=CARTESIAN_POINT('',(-3.5E0,-3.5E0,-1.187738502268E1));
#499=LINE('',#498,#497);
#500=CARTESIAN_POINT('',(3.5E0,-3.5E0,-1.356261497732E1));
#501=CARTESIAN_POINT('',(3.5E0,-3.5E0,-1.360391936425E1));
#502=CARTESIAN_POINT('',(3.499912212239E0,-3.5E0,-1.368630815276E1));
#503=CARTESIAN_POINT('',(3.499407462900E0,-3.5E0,-1.380922124120E1));
#504=CARTESIAN_POINT('',(3.498413466411E0,-3.5E0,-1.393149471673E1));
#505=CARTESIAN_POINT('',(3.496809177282E0,-3.5E0,-1.405315700577E1));
#506=CARTESIAN_POINT('',(3.494470627250E0,-3.5E0,-1.417422018240E1));
#507=CARTESIAN_POINT('',(3.491270942200E0,-3.5E0,-1.429473716433E1));
#508=CARTESIAN_POINT('',(3.487081576599E0,-3.5E0,-1.441475233205E1));
#509=CARTESIAN_POINT('',(3.481770600410E0,-3.5E0,-1.453435628395E1));
#510=CARTESIAN_POINT('',(3.475200139712E0,-3.5E0,-1.465368559723E1));
#511=CARTESIAN_POINT('',(3.467227907355E0,-3.5E0,-1.477284789180E1));
#512=CARTESIAN_POINT('',(3.457720062237E0,-3.5E0,-1.489178324441E1));
#513=CARTESIAN_POINT('',(3.446547587530E0,-3.5E0,-1.501043094110E1));
#514=CARTESIAN_POINT('',(3.433546021560E0,-3.5E0,-1.512906672006E1));
#515=CARTESIAN_POINT('',(3.418526221751E0,-3.5E0,-1.524799292253E1));
#516=CARTESIAN_POINT('',(3.401306740456E0,-3.5E0,-1.536729083166E1));
#517=CARTESIAN_POINT('',(3.381722853877E0,-3.5E0,-1.548688360366E1));
#518=CARTESIAN_POINT('',(3.359573425447E0,-3.5E0,-1.560688011474E1));
#519=CARTESIAN_POINT('',(3.334625803505E0,-3.5E0,-1.572744435095E1));
#520=CARTESIAN_POINT('',(3.306612852990E0,-3.5E0,-1.584877070249E1));
#521=CARTESIAN_POINT('',(3.275217401536E0,-3.5E0,-1.597110366621E1));
#522=CARTESIAN_POINT('',(3.240075788776E0,-3.5E0,-1.609468406219E1));
#523=CARTESIAN_POINT('',(3.213859358687E0,-3.5E0,-1.617808623568E1));
#524=CARTESIAN_POINT('',(3.2E0,-3.5E0,-1.622E1));
#526=CARTESIAN_POINT('',(3.2E0,-3.5E0,-1.622E1));
#527=CARTESIAN_POINT('',(3.213791385038E0,-3.458291803019E0,-1.622E1));
#528=CARTESIAN_POINT('',(3.239929293518E0,-3.375168300255E0,-1.622E1));
#529=CARTESIAN_POINT('',(3.275103203158E0,-3.251534298349E0,-1.622E1));
#530=CARTESIAN_POINT('',(3.306597673804E0,-3.128849338115E0,-1.622E1));
#531=CARTESIAN_POINT('',(3.334727262685E0,-3.007000444386E0,-1.622E1));
#532=CARTESIAN_POINT('',(3.359769460829E0,-2.885896929424E0,-1.622E1));
#533=CARTESIAN_POINT('',(3.381974696816E0,-2.765447791494E0,-1.622E1));
#534=CARTESIAN_POINT('',(3.401553171260E0,-2.645688038900E0,-1.622E1));
#535=CARTESIAN_POINT('',(3.418732329648E0,-2.526461381190E0,-1.622E1));
#536=CARTESIAN_POINT('',(3.433718495927E0,-2.407600389731E0,-1.622E1));
#537=CARTESIAN_POINT('',(3.446701229413E0,-2.288921064649E0,-1.622E1));
#538=CARTESIAN_POINT('',(3.457851513878E0,-2.170264833971E0,-1.622E1));
#539=CARTESIAN_POINT('',(3.467329099816E0,-2.051454073608E0,-1.622E1));
#540=CARTESIAN_POINT('',(3.475273021918E0,-1.932474017018E0,-1.622E1));
#541=CARTESIAN_POINT('',(3.481822593082E0,-1.813296071346E0,-1.622E1));
#542=CARTESIAN_POINT('',(3.487118017399E0,-1.693817963482E0,-1.622E1));
#543=CARTESIAN_POINT('',(3.491295172900E0,-1.573930659171E0,-1.622E1));
#544=CARTESIAN_POINT('',(3.494485525686E0,-1.453549890424E0,-1.622E1));
#545=CARTESIAN_POINT('',(3.496817486564E0,-1.332622226198E0,-1.622E1));
#546=CARTESIAN_POINT('',(3.498417444756E0,-1.211093281669E0,-1.622E1));
#547=CARTESIAN_POINT('',(3.499408880731E0,-1.088952633235E0,-1.622E1));
#548=CARTESIAN_POINT('',(3.499912404670E0,-9.661727289788E-1,-1.622E1));
#549=CARTESIAN_POINT('',(3.5E0,-8.838740617693E-1,-1.622E1));
#550=CARTESIAN_POINT('',(3.5E0,-8.426149773177E-1,-1.622E1));
#552=CARTESIAN_POINT('',(3.5E0,0.E0,-1.272E1));
#553=DIRECTION('',(-1.E0,0.E0,0.E0));
#554=DIRECTION('',(0.E0,0.E0,-1.E0));
#555=AXIS2_PLACEMENT_3D('',#552,#553,#554);
#557=CARTESIAN_POINT('',(3.5E0,0.E0,-1.272E1));
#558=DIRECTION('',(1.E0,0.E0,0.E0));
#559=DIRECTION('',(0.E0,-9.722222222222E-1,-2.340597159216E-1));
#560=AXIS2_PLACEMENT_3D('',#557,#558,#559);
#562=DIRECTION('',(0.E0,0.E0,-1.E0));
#563=VECTOR('',#562,8.426149773177E-1);
#564=CARTESIAN_POINT('',(3.5E0,-3.5E0,-1.272E1));
#565=LINE('',#564,#563);
#566=DIRECTION('',(1.E0,0.E0,0.E0));
#567=VECTOR('',#566,6.4E0);
#568=CARTESIAN_POINT('',(-3.2E0,3.5E0,-1.622E1));
#569=LINE('',#568,#567);
#570=DIRECTION('',(0.E0,1.E0,0.E0));
#571=VECTOR('',#570,1.685229954635E0);
#572=CARTESIAN_POINT('',(-3.5E0,-8.426149773176E-1,-1.622E1));
#573=LINE('',#572,#571);
#574=DIRECTION('',(-1.E0,0.E0,0.E0));
#575=VECTOR('',#574,6.4E0);
#576=CARTESIAN_POINT('',(3.2E0,-3.5E0,-1.622E1));
#577=LINE('',#576,#575);
#578=DIRECTION('',(0.E0,-1.E0,0.E0));
#579=VECTOR('',#578,8.426149773177E-1);
#580=CARTESIAN_POINT('',(3.5E0,0.E0,-1.622E1));
#581=LINE('',#580,#579);
#582=DIRECTION('',(0.E0,-1.E0,9.275849947816E-14));
#583=VECTOR('',#582,8.426149773155E-1);
#584=CARTESIAN_POINT('',(3.5E0,8.426149773155E-1,-1.622E1));
#585=LINE('',#584,#583);
#586=CARTESIAN_POINT('',(3.2E0,3.5E0,-1.622E1));
#587=CARTESIAN_POINT('',(3.213791385038E0,3.5E0,-1.617829180302E1));
#588=CARTESIAN_POINT('',(3.239929293518E0,3.5E0,-1.609516830026E1));
#589=CARTESIAN_POINT('',(3.275103203157E0,3.5E0,-1.597153429835E1));
#590=CARTESIAN_POINT('',(3.306597673803E0,3.5E0,-1.584884933812E1));
#591=CARTESIAN_POINT('',(3.334727262684E0,3.5E0,-1.572700044439E1));
#592=CARTESIAN_POINT('',(3.359769460828E0,3.5E0,-1.560589692943E1));
#593=CARTESIAN_POINT('',(3.381974696815E0,3.5E0,-1.548544779150E1));
#594=CARTESIAN_POINT('',(3.401553171260E0,3.5E0,-1.536568803890E1));
#595=CARTESIAN_POINT('',(3.418732329648E0,3.5E0,-1.524646138119E1));
#596=CARTESIAN_POINT('',(3.433718495927E0,3.5E0,-1.512760038973E1));
#597=CARTESIAN_POINT('',(3.446701229413E0,3.5E0,-1.500892106465E1));
#598=CARTESIAN_POINT('',(3.457851513878E0,3.5E0,-1.489026483397E1));
#599=CARTESIAN_POINT('',(3.467329099816E0,3.5E0,-1.477145407361E1));
#600=CARTESIAN_POINT('',(3.475273021918E0,3.5E0,-1.465247401702E1));
#601=CARTESIAN_POINT('',(3.481822593082E0,3.5E0,-1.453329607135E1));
#602=CARTESIAN_POINT('',(3.487118017399E0,3.5E0,-1.441381796348E1));
#603=CARTESIAN_POINT('',(3.491295172900E0,3.5E0,-1.429393065917E1));
#604=CARTESIAN_POINT('',(3.494485525686E0,3.5E0,-1.417354989042E1));
#605=CARTESIAN_POINT('',(3.496817486564E0,3.5E0,-1.405262222620E1));
#606=CARTESIAN_POINT('',(3.498417444756E0,3.5E0,-1.393109328167E1));
#607=CARTESIAN_POINT('',(3.499408880731E0,3.5E0,-1.380895263324E1));
#608=CARTESIAN_POINT('',(3.499912404670E0,3.5E0,-1.368617272898E1));
#609=CARTESIAN_POINT('',(3.5E0,3.5E0,-1.360387406177E1));
#610=CARTESIAN_POINT('',(3.5E0,3.5E0,-1.356261497732E1));
#612=CARTESIAN_POINT('',(3.5E0,8.426149773155E-1,-1.622E1));
#613=CARTESIAN_POINT('',(3.5E0,8.839193642501E-1,-1.622E1));
#614=CARTESIAN_POINT('',(3.499912212239E0,9.663081527565E-1,-1.622E1));
#615=CARTESIAN_POINT('',(3.499407462900E0,1.089221241194E0,-1.622E1));
#616=CARTESIAN_POINT('',(3.498413466411E0,1.211494716726E0,-1.622E1));
#617=CARTESIAN_POINT('',(3.496809177282E0,1.333157005768E0,-1.622E1));
#618=CARTESIAN_POINT('',(3.494470627250E0,1.454220182399E0,-1.622E1));
#619=CARTESIAN_POINT('',(3.491270942200E0,1.574737164322E0,-1.622E1));
#620=CARTESIAN_POINT('',(3.487081576599E0,1.694752332043E0,-1.622E1));
#621=CARTESIAN_POINT('',(3.481770600410E0,1.814356283947E0,-1.622E1));
#622=CARTESIAN_POINT('',(3.475200139712E0,1.933685597225E0,-1.622E1));
#623=CARTESIAN_POINT('',(3.467227907355E0,2.052847891794E0,-1.622E1));
#624=CARTESIAN_POINT('',(3.457720062237E0,2.171783244411E0,-1.622E1));
#625=CARTESIAN_POINT('',(3.446547587530E0,2.290430941097E0,-1.622E1));
#626=CARTESIAN_POINT('',(3.433546021560E0,2.409066720057E0,-1.622E1));
#627=CARTESIAN_POINT('',(3.418526221751E0,2.527992922530E0,-1.622E1));
#628=CARTESIAN_POINT('',(3.401306740456E0,2.647290831658E0,-1.622E1));
#629=CARTESIAN_POINT('',(3.381722853878E0,2.766883603654E0,-1.622E1));
#630=CARTESIAN_POINT('',(3.359573425447E0,2.886880114741E0,-1.622E1));
#631=CARTESIAN_POINT('',(3.334625803505E0,3.007444350947E0,-1.622E1));
#632=CARTESIAN_POINT('',(3.306612852990E0,3.128770702485E0,-1.622E1));
#633=CARTESIAN_POINT('',(3.275217401536E0,3.251103666211E0,-1.622E1));
#634=CARTESIAN_POINT('',(3.240075788776E0,3.374684062190E0,-1.622E1));
#635=CARTESIAN_POINT('',(3.213859358687E0,3.458086235680E0,-1.622E1));
#636=CARTESIAN_POINT('',(3.2E0,3.5E0,-1.622E1));
#638=CARTESIAN_POINT('',(-3.5E0,3.5E0,-1.356261497732E1));
#639=CARTESIAN_POINT('',(-3.5E0,3.5E0,-1.360391936425E1));
#640=CARTESIAN_POINT('',(-3.499912212239E0,3.5E0,-1.368630815276E1));
#641=CARTESIAN_POINT('',(-3.499407462900E0,3.5E0,-1.380922124120E1));
#642=CARTESIAN_POINT('',(-3.498413466411E0,3.5E0,-1.393149471673E1));
#643=CARTESIAN_POINT('',(-3.496809177282E0,3.5E0,-1.405315700577E1));
#644=CARTESIAN_POINT('',(-3.494470627250E0,3.5E0,-1.417422018240E1));
#645=CARTESIAN_POINT('',(-3.491270942200E0,3.5E0,-1.429473716433E1));
#646=CARTESIAN_POINT('',(-3.487081576599E0,3.5E0,-1.441475233205E1));
#647=CARTESIAN_POINT('',(-3.481770600410E0,3.5E0,-1.453435628395E1));
#648=CARTESIAN_POINT('',(-3.475200139712E0,3.5E0,-1.465368559723E1));
#649=CARTESIAN_POINT('',(-3.467227907355E0,3.5E0,-1.477284789180E1));
#650=CARTESIAN_POINT('',(-3.457720062237E0,3.5E0,-1.489178324441E1));
#651=CARTESIAN_POINT('',(-3.446547587530E0,3.5E0,-1.501043094110E1));
#652=CARTESIAN_POINT('',(-3.433546021560E0,3.5E0,-1.512906672006E1));
#653=CARTESIAN_POINT('',(-3.418526221751E0,3.5E0,-1.524799292253E1));
#654=CARTESIAN_POINT('',(-3.401306740456E0,3.5E0,-1.536729083166E1));
#655=CARTESIAN_POINT('',(-3.381722853877E0,3.5E0,-1.548688360366E1));
#656=CARTESIAN_POINT('',(-3.359573425447E0,3.5E0,-1.560688011474E1));
#657=CARTESIAN_POINT('',(-3.334625803505E0,3.5E0,-1.572744435095E1));
#658=CARTESIAN_POINT('',(-3.306612852990E0,3.5E0,-1.584877070249E1));
#659=CARTESIAN_POINT('',(-3.275217401536E0,3.5E0,-1.597110366621E1));
#660=CARTESIAN_POINT('',(-3.240075788776E0,3.5E0,-1.609468406219E1));
#661=CARTESIAN_POINT('',(-3.213859358687E0,3.5E0,-1.617808623568E1));
#662=CARTESIAN_POINT('',(-3.2E0,3.5E0,-1.622E1));
#664=CARTESIAN_POINT('',(-3.2E0,3.5E0,-1.622E1));
#665=CARTESIAN_POINT('',(-3.213791385038E0,3.458291803019E0,-1.622E1));
#666=CARTESIAN_POINT('',(-3.239929293518E0,3.375168300255E0,-1.622E1));
#667=CARTESIAN_POINT('',(-3.275103203158E0,3.251534298349E0,-1.622E1));
#668=CARTESIAN_POINT('',(-3.306597673804E0,3.128849338115E0,-1.622E1));
#669=CARTESIAN_POINT('',(-3.334727262685E0,3.007000444386E0,-1.622E1));
#670=CARTESIAN_POINT('',(-3.359769460829E0,2.885896929424E0,-1.622E1));
#671=CARTESIAN_POINT('',(-3.381974696816E0,2.765447791494E0,-1.622E1));
#672=CARTESIAN_POINT('',(-3.401553171260E0,2.645688038900E0,-1.622E1));
#673=CARTESIAN_POINT('',(-3.418732329648E0,2.526461381190E0,-1.622E1));
#674=CARTESIAN_POINT('',(-3.433718495927E0,2.407600389731E0,-1.622E1));
#675=CARTESIAN_POINT('',(-3.446701229413E0,2.288921064649E0,-1.622E1));
#676=CARTESIAN_POINT('',(-3.457851513878E0,2.170264833971E0,-1.622E1));
#677=CARTESIAN_POINT('',(-3.467329099816E0,2.051454073608E0,-1.622E1));
#678=CARTESIAN_POINT('',(-3.475273021918E0,1.932474017018E0,-1.622E1));
#679=CARTESIAN_POINT('',(-3.481822593082E0,1.813296071346E0,-1.622E1));
#680=CARTESIAN_POINT('',(-3.487118017399E0,1.693817963482E0,-1.622E1));
#681=CARTESIAN_POINT('',(-3.491295172900E0,1.573930659171E0,-1.622E1));
#682=CARTESIAN_POINT('',(-3.494485525686E0,1.453549890424E0,-1.622E1));
#683=CARTESIAN_POINT('',(-3.496817486564E0,1.332622226198E0,-1.622E1));
#684=CARTESIAN_POINT('',(-3.498417444756E0,1.211093281668E0,-1.622E1));
#685=CARTESIAN_POINT('',(-3.499408880731E0,1.088952633235E0,-1.622E1));
#686=CARTESIAN_POINT('',(-3.499912404670E0,9.661727289787E-1,-1.622E1));
#687=CARTESIAN_POINT('',(-3.5E0,8.838740617693E-1,-1.622E1));
#688=CARTESIAN_POINT('',(-3.5E0,8.426149773176E-1,-1.622E1));
#690=CARTESIAN_POINT('',(-3.5E0,0.E0,-1.272E1));
#691=DIRECTION('',(-1.E0,0.E0,0.E0));
#692=DIRECTION('',(0.E0,-2.340597159216E-1,-9.722222222222E-1));
#693=AXIS2_PLACEMENT_3D('',#690,#691,#692);
#695=CARTESIAN_POINT('',(-3.5E0,0.E0,-1.272E1));
#696=DIRECTION('',(-1.E0,0.E0,0.E0));
#697=DIRECTION('',(0.E0,9.722222222222E-1,-2.340597159216E-1));
#698=AXIS2_PLACEMENT_3D('',#695,#696,#697);
#700=DIRECTION('',(0.E0,0.E0,-1.E0));
#701=VECTOR('',#700,1.685229954635E0);
#702=CARTESIAN_POINT('',(-3.5E0,3.5E0,-1.187738502268E1));
#703=LINE('',#702,#701);
#704=CARTESIAN_POINT('',(-3.5E0,0.E0,-1.272E1));
#705=DIRECTION('',(-1.E0,0.E0,0.E0));
#706=DIRECTION('',(0.E0,2.340597159216E-1,9.722222222222E-1));
#707=AXIS2_PLACEMENT_3D('',#704,#705,#706);
#709=CARTESIAN_POINT('',(-3.5E0,0.E0,-1.272E1));
#710=DIRECTION('',(-1.E0,0.E0,0.E0));
#711=DIRECTION('',(0.E0,-9.722222222222E-1,2.340597159216E-1));
#712=AXIS2_PLACEMENT_3D('',#709,#710,#711);
#714=CARTESIAN_POINT('',(-3.2E0,-3.5E0,-1.622E1));
#715=CARTESIAN_POINT('',(-3.213791385038E0,-3.5E0,-1.617829180302E1));
#716=CARTESIAN_POINT('',(-3.239929293518E0,-3.5E0,-1.609516830026E1));
#717=CARTESIAN_POINT('',(-3.275103203157E0,-3.5E0,-1.597153429835E1));
#718=CARTESIAN_POINT('',(-3.306597673803E0,-3.5E0,-1.584884933812E1));
#719=CARTESIAN_POINT('',(-3.334727262685E0,-3.5E0,-1.572700044439E1));
#720=CARTESIAN_POINT('',(-3.359769460828E0,-3.5E0,-1.560589692943E1));
#721=CARTESIAN_POINT('',(-3.381974696815E0,-3.5E0,-1.548544779150E1));
#722=CARTESIAN_POINT('',(-3.401553171260E0,-3.5E0,-1.536568803890E1));
#723=CARTESIAN_POINT('',(-3.418732329648E0,-3.5E0,-1.524646138119E1));
#724=CARTESIAN_POINT('',(-3.433718495927E0,-3.5E0,-1.512760038973E1));
#725=CARTESIAN_POINT('',(-3.446701229413E0,-3.5E0,-1.500892106465E1));
#726=CARTESIAN_POINT('',(-3.457851513878E0,-3.5E0,-1.489026483397E1));
#727=CARTESIAN_POINT('',(-3.467329099816E0,-3.5E0,-1.477145407361E1));
#728=CARTESIAN_POINT('',(-3.475273021918E0,-3.5E0,-1.465247401702E1));
#729=CARTESIAN_POINT('',(-3.481822593082E0,-3.5E0,-1.453329607135E1));
#730=CARTESIAN_POINT('',(-3.487118017399E0,-3.5E0,-1.441381796348E1));
#731=CARTESIAN_POINT('',(-3.491295172900E0,-3.5E0,-1.429393065917E1));
#732=CARTESIAN_POINT('',(-3.494485525686E0,-3.5E0,-1.417354989042E1));
#733=CARTESIAN_POINT('',(-3.496817486564E0,-3.5E0,-1.405262222620E1));
#734=CARTESIAN_POINT('',(-3.498417444756E0,-3.5E0,-1.393109328167E1));
#735=CARTESIAN_POINT('',(-3.499408880731E0,-3.5E0,-1.380895263324E1));
#736=CARTESIAN_POINT('',(-3.499912404670E0,-3.5E0,-1.368617272898E1));
#737=CARTESIAN_POINT('',(-3.5E0,-3.5E0,-1.360387406177E1));
#738=CARTESIAN_POINT('',(-3.5E0,-3.5E0,-1.356261497732E1));
#740=CARTESIAN_POINT('',(-3.5E0,-8.426149773176E-1,-1.622E1));
#741=CARTESIAN_POINT('',(-3.5E0,-8.839193642515E-1,-1.622E1));
#742=CARTESIAN_POINT('',(-3.499912212239E0,-9.663081527602E-1,-1.622E1));
#743=CARTESIAN_POINT('',(-3.499407462900E0,-1.089221241198E0,-1.622E1));
#744=CARTESIAN_POINT('',(-3.498413466411E0,-1.211494716729E0,-1.622E1));
#745=CARTESIAN_POINT('',(-3.496809177282E0,-1.333157005771E0,-1.622E1));
#746=CARTESIAN_POINT('',(-3.494470627250E0,-1.454220182402E0,-1.622E1));
#747=CARTESIAN_POINT('',(-3.491270942200E0,-1.574737164325E0,-1.622E1));
#748=CARTESIAN_POINT('',(-3.487081576599E0,-1.694752332046E0,-1.622E1));
#749=CARTESIAN_POINT('',(-3.481770600410E0,-1.814356283950E0,-1.622E1));
#750=CARTESIAN_POINT('',(-3.475200139712E0,-1.933685597227E0,-1.622E1));
#751=CARTESIAN_POINT('',(-3.467227907355E0,-2.052847891796E0,-1.622E1));
#752=CARTESIAN_POINT('',(-3.457720062237E0,-2.171783244413E0,-1.622E1));
#753=CARTESIAN_POINT('',(-3.446547587530E0,-2.290430941099E0,-1.622E1));
#754=CARTESIAN_POINT('',(-3.433546021560E0,-2.409066720059E0,-1.622E1));
#755=CARTESIAN_POINT('',(-3.418526221751E0,-2.527992922532E0,-1.622E1));
#756=CARTESIAN_POINT('',(-3.401306740456E0,-2.647290831659E0,-1.622E1));
#757=CARTESIAN_POINT('',(-3.381722853877E0,-2.766883603655E0,-1.622E1));
#758=CARTESIAN_POINT('',(-3.359573425447E0,-2.886880114742E0,-1.622E1));
#759=CARTESIAN_POINT('',(-3.334625803505E0,-3.007444350947E0,-1.622E1));
#760=CARTESIAN_POINT('',(-3.306612852990E0,-3.128770702485E0,-1.622E1));
#761=CARTESIAN_POINT('',(-3.275217401536E0,-3.251103666211E0,-1.622E1));
#762=CARTESIAN_POINT('',(-3.240075788776E0,-3.374684062190E0,-1.622E1));
#763=CARTESIAN_POINT('',(-3.213859358687E0,-3.458086235680E0,-1.622E1));
#764=CARTESIAN_POINT('',(-3.2E0,-3.5E0,-1.622E1));
#766=CARTESIAN_POINT('',(-3.5E0,8.426149773176E-1,-9.22E0));
#767=CARTESIAN_POINT('',(-3.5E0,8.839193642515E-1,-9.22E0));
#768=CARTESIAN_POINT('',(-3.499912212239E0,9.663081527602E-1,-9.22E0));
#769=CARTESIAN_POINT('',(-3.499407462900E0,1.089221241198E0,-9.22E0));
#770=CARTESIAN_POINT('',(-3.498413466411E0,1.211494716729E0,-9.22E0));
#771=CARTESIAN_POINT('',(-3.496809177282E0,1.333157005771E0,-9.22E0));
#772=CARTESIAN_POINT('',(-3.494470627250E0,1.454220182402E0,-9.22E0));
#773=CARTESIAN_POINT('',(-3.491270942200E0,1.574737164325E0,-9.22E0));
#774=CARTESIAN_POINT('',(-3.487081576599E0,1.694752332046E0,-9.22E0));
#775=CARTESIAN_POINT('',(-3.481770600410E0,1.814356283950E0,-9.22E0));
#776=CARTESIAN_POINT('',(-3.475200139712E0,1.933685597227E0,-9.22E0));
#777=CARTESIAN_POINT('',(-3.467227907355E0,2.052847891797E0,-9.22E0));
#778=CARTESIAN_POINT('',(-3.457720062237E0,2.171783244413E0,-9.22E0));
#779=CARTESIAN_POINT('',(-3.446547587530E0,2.290430941099E0,-9.22E0));
#780=CARTESIAN_POINT('',(-3.433546021560E0,2.409066720059E0,-9.22E0));
#781=CARTESIAN_POINT('',(-3.418526221751E0,2.527992922532E0,-9.22E0));
#782=CARTESIAN_POINT('',(-3.401306740456E0,2.647290831659E0,-9.22E0));
#783=CARTESIAN_POINT('',(-3.381722853877E0,2.766883603655E0,-9.22E0));
#784=CARTESIAN_POINT('',(-3.359573425447E0,2.886880114742E0,-9.22E0));
#785=CARTESIAN_POINT('',(-3.334625803505E0,3.007444350947E0,-9.22E0));
#786=CARTESIAN_POINT('',(-3.306612852990E0,3.128770702485E0,-9.22E0));
#787=CARTESIAN_POINT('',(-3.275217401536E0,3.251103666211E0,-9.22E0));
#788=CARTESIAN_POINT('',(-3.240075788776E0,3.374684062190E0,-9.22E0));
#789=CARTESIAN_POINT('',(-3.213859358687E0,3.458086235680E0,-9.22E0));
#790=CARTESIAN_POINT('',(-3.2E0,3.5E0,-9.22E0));
#792=CARTESIAN_POINT('',(-3.2E0,3.5E0,-9.22E0));
#793=CARTESIAN_POINT('',(-3.213791385038E0,3.5E0,-9.261708196981E0));
#794=CARTESIAN_POINT('',(-3.239929293518E0,3.5E0,-9.344831699745E0));
#795=CARTESIAN_POINT('',(-3.275103203158E0,3.5E0,-9.468465701651E0));
#796=CARTESIAN_POINT('',(-3.306597673804E0,3.5E0,-9.591150661885E0));
#797=CARTESIAN_POINT('',(-3.334727262685E0,3.5E0,-9.712999555614E0));
#798=CARTESIAN_POINT('',(-3.359769460829E0,3.5E0,-9.834103070576E0));
#799=CARTESIAN_POINT('',(-3.381974696816E0,3.5E0,-9.954552208506E0));
#800=CARTESIAN_POINT('',(-3.401553171260E0,3.5E0,-1.007431196110E1));
#801=CARTESIAN_POINT('',(-3.418732329648E0,3.5E0,-1.019353861881E1));
#802=CARTESIAN_POINT('',(-3.433718495927E0,3.5E0,-1.031239961027E1));
#803=CARTESIAN_POINT('',(-3.446701229413E0,3.5E0,-1.043107893535E1));
#804=CARTESIAN_POINT('',(-3.457851513878E0,3.5E0,-1.054973516603E1));
#805=CARTESIAN_POINT('',(-3.467329099816E0,3.5E0,-1.066854592639E1));
#806=CARTESIAN_POINT('',(-3.475273021918E0,3.5E0,-1.078752598298E1));
#807=CARTESIAN_POINT('',(-3.481822593082E0,3.5E0,-1.090670392865E1));
#808=CARTESIAN_POINT('',(-3.487118017399E0,3.5E0,-1.102618203652E1));
#809=CARTESIAN_POINT('',(-3.491295172900E0,3.5E0,-1.114606934083E1));
#810=CARTESIAN_POINT('',(-3.494485525686E0,3.5E0,-1.126645010958E1));
#811=CARTESIAN_POINT('',(-3.496817486564E0,3.5E0,-1.138737777380E1));
#812=CARTESIAN_POINT('',(-3.498417444756E0,3.5E0,-1.150890671833E1));
#813=CARTESIAN_POINT('',(-3.499408880731E0,3.5E0,-1.163104736676E1));
#814=CARTESIAN_POINT('',(-3.499912404670E0,3.5E0,-1.175382727102E1));
#815=CARTESIAN_POINT('',(-3.5E0,3.5E0,-1.183612593823E1));
#816=CARTESIAN_POINT('',(-3.5E0,3.5E0,-1.187738502268E1));
#818=CARTESIAN_POINT('',(-3.2E0,-3.5E0,-9.22E0));
#819=CARTESIAN_POINT('',(-3.213791385038E0,-3.458291803019E0,-9.22E0));
#820=CARTESIAN_POINT('',(-3.239929293518E0,-3.375168300255E0,-9.22E0));
#821=CARTESIAN_POINT('',(-3.275103203158E0,-3.251534298349E0,-9.22E0));
#822=CARTESIAN_POINT('',(-3.306597673804E0,-3.128849338115E0,-9.22E0));
#823=CARTESIAN_POINT('',(-3.334727262685E0,-3.007000444386E0,-9.22E0));
#824=CARTESIAN_POINT('',(-3.359769460829E0,-2.885896929424E0,-9.22E0));
#825=CARTESIAN_POINT('',(-3.381974696816E0,-2.765447791494E0,-9.22E0));
#826=CARTESIAN_POINT('',(-3.401553171260E0,-2.645688038900E0,-9.22E0));
#827=CARTESIAN_POINT('',(-3.418732329648E0,-2.526461381190E0,-9.22E0));
#828=CARTESIAN_POINT('',(-3.433718495927E0,-2.407600389731E0,-9.22E0));
#829=CARTESIAN_POINT('',(-3.446701229413E0,-2.288921064649E0,-9.22E0));
#830=CARTESIAN_POINT('',(-3.457851513878E0,-2.170264833971E0,-9.22E0));
#831=CARTESIAN_POINT('',(-3.467329099816E0,-2.051454073608E0,-9.22E0));
#832=CARTESIAN_POINT('',(-3.475273021918E0,-1.932474017018E0,-9.22E0));
#833=CARTESIAN_POINT('',(-3.481822593082E0,-1.813296071346E0,-9.22E0));
#834=CARTESIAN_POINT('',(-3.487118017399E0,-1.693817963482E0,-9.22E0));
#835=CARTESIAN_POINT('',(-3.491295172900E0,-1.573930659170E0,-9.22E0));
#836=CARTESIAN_POINT('',(-3.494485525686E0,-1.453549890424E0,-9.22E0));
#837=CARTESIAN_POINT('',(-3.496817486564E0,-1.332622226197E0,-9.22E0));
#838=CARTESIAN_POINT('',(-3.498417444756E0,-1.211093281668E0,-9.22E0));
#839=CARTESIAN_POINT('',(-3.499408880731E0,-1.088952633235E0,-9.22E0));
#840=CARTESIAN_POINT('',(-3.499912404670E0,-9.661727289787E-1,-9.22E0));
#841=CARTESIAN_POINT('',(-3.5E0,-8.838740617693E-1,-9.22E0));
#842=CARTESIAN_POINT('',(-3.5E0,-8.426149773176E-1,-9.22E0));
#844=CARTESIAN_POINT('',(-3.5E0,-3.5E0,-1.187738502268E1));
#845=CARTESIAN_POINT('',(-3.5E0,-3.5E0,-1.183608063576E1));
#846=CARTESIAN_POINT('',(-3.499912212239E0,-3.5E0,-1.175369184726E1));
#847=CARTESIAN_POINT('',(-3.499407462901E0,-3.5E0,-1.163077875884E1));
#848=CARTESIAN_POINT('',(-3.498413466411E0,-3.5E0,-1.150850528333E1));
#849=CARTESIAN_POINT('',(-3.496809177284E0,-3.5E0,-1.138684299431E1));
#850=CARTESIAN_POINT('',(-3.494470627252E0,-3.5E0,-1.126577981770E1));
#851=CARTESIAN_POINT('',(-3.491270942204E0,-3.5E0,-1.114526283579E1));
#852=CARTESIAN_POINT('',(-3.487081576605E0,-3.5E0,-1.102524766809E1));
#853=CARTESIAN_POINT('',(-3.481770600417E0,-3.5E0,-1.090564371621E1));
#854=CARTESIAN_POINT('',(-3.475200139723E0,-3.5E0,-1.078631440295E1));
#855=CARTESIAN_POINT('',(-3.467227907370E0,-3.5E0,-1.066715210841E1));
#856=CARTESIAN_POINT('',(-3.457720062257E0,-3.5E0,-1.054821675581E1));
#857=CARTESIAN_POINT('',(-3.446547587551E0,-3.5E0,-1.042956905911E1));
#858=CARTESIAN_POINT('',(-3.433546021582E0,-3.5E0,-1.031093328013E1));
#859=CARTESIAN_POINT('',(-3.418526221774E0,-3.5E0,-1.019200707764E1));
#860=CARTESIAN_POINT('',(-3.401306740481E0,-3.5E0,-1.007270916850E1));
#861=CARTESIAN_POINT('',(-3.381722853901E0,-3.5E0,-9.953116396478E0));
#862=CARTESIAN_POINT('',(-3.359573425465E0,-3.5E0,-9.833119885345E0));
#863=CARTESIAN_POINT('',(-3.334625803512E0,-3.5E0,-9.712555649083E0));
#864=CARTESIAN_POINT('',(-3.306612852985E0,-3.5E0,-9.591229297490E0));
#865=CARTESIAN_POINT('',(-3.275217401520E0,-3.5E0,-9.468896333728E0));
#866=CARTESIAN_POINT('',(-3.240075788757E0,-3.5E0,-9.345315937748E0));
#867=CARTESIAN_POINT('',(-3.213859358678E0,-3.5E0,-9.261913764294E0));
#868=CARTESIAN_POINT('',(-3.2E0,-3.5E0,-9.22E0));
#870=CARTESIAN_POINT('',(3.5E0,0.E0,-1.272E1));
#871=DIRECTION('',(-1.E0,0.E0,0.E0));
#872=DIRECTION('',(0.E0,0.E0,1.E0));
#873=AXIS2_PLACEMENT_3D('',#870,#871,#872);
#875=CARTESIAN_POINT('',(3.5E0,0.E0,-1.272E1));
#876=DIRECTION('',(1.E0,0.E0,0.E0));
#877=DIRECTION('',(0.E0,9.722222222223E-1,2.340597159213E-1));
#878=AXIS2_PLACEMENT_3D('',#875,#876,#877);
#880=DIRECTION('',(0.E0,0.E0,-1.E0));
#881=VECTOR('',#880,1.E0);
#882=CARTESIAN_POINT('',(0.E0,-3.4E0,-8.22E0));
#883=LINE('',#882,#881);
#884=DIRECTION('',(0.E0,0.E0,-1.E0));
#885=VECTOR('',#884,1.E0);
#886=CARTESIAN_POINT('',(0.E0,3.4E0,-8.22E0));
#887=LINE('',#886,#885);
#888=CARTESIAN_POINT('',(0.E0,0.E0,-8.22E0));
#889=DIRECTION('',(0.E0,0.E0,-1.E0));
#890=DIRECTION('',(-1.E0,0.E0,0.E0));
#891=AXIS2_PLACEMENT_3D('',#888,#889,#890);
#893=CARTESIAN_POINT('',(0.E0,0.E0,-8.22E0));
#894=DIRECTION('',(0.E0,0.E0,-1.E0));
#895=DIRECTION('',(1.E0,0.E0,0.E0));
#896=AXIS2_PLACEMENT_3D('',#893,#894,#895);
#898=CARTESIAN_POINT('',(0.E0,0.E0,-8.22E0));
#899=DIRECTION('',(0.E0,0.E0,1.E0));
#900=DIRECTION('',(0.E0,1.E0,0.E0));
#901=AXIS2_PLACEMENT_3D('',#898,#899,#900);
#903=CARTESIAN_POINT('',(0.E0,0.E0,-8.22E0));
#904=DIRECTION('',(0.E0,0.E0,1.E0));
#905=DIRECTION('',(0.E0,-1.E0,0.E0));
#906=AXIS2_PLACEMENT_3D('',#903,#904,#905);
#908=CARTESIAN_POINT('',(4.E0,2.309401076759E0,-7.92E0));
#909=CARTESIAN_POINT('',(4.E0,2.285285551261E0,-7.930523138399E0));
#910=CARTESIAN_POINT('',(4.E0,2.235337847268E0,-7.951235511183E0));
#911=CARTESIAN_POINT('',(4.E0,2.154871834212E0,-7.981168422082E0));
#912=CARTESIAN_POINT('',(4.E0,2.069643976572E0,-8.009450128912E0));
#913=CARTESIAN_POINT('',(4.E0,1.980012911564E0,-8.035842257024E0));
#914=CARTESIAN_POINT('',(4.E0,1.886677214495E0,-8.060097181653E0));
#915=CARTESIAN_POINT('',(4.E0,1.789536454431E0,-8.082253375552E0));
#916=CARTESIAN_POINT('',(4.E0,1.688066089345E0,-8.102415369164E0));
#917=CARTESIAN_POINT('',(4.E0,1.582463653905E0,-8.120528538784E0));
#918=CARTESIAN_POINT('',(4.E0,1.473689640562E0,-8.136489092301E0));
#919=CARTESIAN_POINT('',(4.E0,1.362066465380E0,-8.150374998532E0));
#920=CARTESIAN_POINT('',(4.E0,1.247549463959E0,-8.162326283244E0));
#921=CARTESIAN_POINT('',(4.E0,1.130200253231E0,-8.172477875676E0));
#922=CARTESIAN_POINT('',(4.E0,1.009937365558E0,-8.180982538594E0));
#923=CARTESIAN_POINT('',(4.E0,8.872398513606E-1,-8.187960801177E0));
#924=CARTESIAN_POINT('',(4.E0,7.633828379755E-1,-8.193529640346E0));
#925=CARTESIAN_POINT('',(4.E0,6.389277442446E-1,-8.197871425695E0));
#926=CARTESIAN_POINT('',(4.E0,5.135043522795E-1,-8.201179397480E0));
#927=CARTESIAN_POINT('',(4.E0,3.869638909723E-1,-8.203601876148E0));
#928=CARTESIAN_POINT('',(4.E0,2.592697929971E-1,-8.205254061061E0));
#929=CARTESIAN_POINT('',(4.E0,1.303752545044E-1,-8.206217954876E0));
#930=CARTESIAN_POINT('',(4.E0,4.359714728370E-2,-8.206431466574E0));
#931=CARTESIAN_POINT('',(4.E0,0.E0,-8.206431466574E0));
#933=CARTESIAN_POINT('',(0.E0,4.618802153517E0,-7.92E0));
#934=CARTESIAN_POINT('',(2.098891806941E-2,4.606684196020E0,-7.930575671998E0));
#935=CARTESIAN_POINT('',(6.447874489969E-2,4.581575332792E0,-7.951394865148E0));
#936=CARTESIAN_POINT('',(1.345819543389E-1,4.541101225951E0,-7.981481585292E0));
#937=CARTESIAN_POINT('',(2.089135385847E-1,4.498185865778E0,-8.009918741989E0));
#938=CARTESIAN_POINT('',(2.871983780450E-1,4.452988092642E0,-8.036470471468E0));
#939=CARTESIAN_POINT('',(3.688602360261E-1,4.405840596954E0,-8.060883844154E0));
#940=CARTESIAN_POINT('',(4.536679595394E-1,4.356876834954E0,-8.083103485078E0));
#941=CARTESIAN_POINT('',(5.416224380616E-1,4.306096293103E0,-8.103162693377E0));
#942=CARTESIAN_POINT('',(6.327068680350E-1,4.253508672939E0,-8.121102347157E0));
#943=CARTESIAN_POINT('',(7.267364396410E-1,4.199220674460E0,-8.136953795613E0));
#944=CARTESIAN_POINT('',(8.234698746863E-1,4.143371599697E0,-8.150776346602E0));
#945=CARTESIAN_POINT('',(9.227287141355E-1,4.086064482022E0,-8.162669629617E0));
#946=CARTESIAN_POINT('',(1.024253696179E0,4.027449006309E0,-8.172749233953E0));
#947=CARTESIAN_POINT('',(1.127834722862E0,3.967646472671E0,-8.181158207143E0));
#948=CARTESIAN_POINT('',(1.233192075827E0,3.906818376576E0,-8.188048557283E0));
#949=CARTESIAN_POINT('',(1.340071470703E0,3.845111529174E0,-8.193583823353E0));
#950=CARTESIAN_POINT('',(1.448227360092E0,3.782667697320E0,-8.197927718928E0));
#951=CARTESIAN_POINT('',(1.557403527278E0,3.719634807806E0,-8.201235612425E0));
#952=CARTESIAN_POINT('',(1.667381779070E0,3.656138834529E0,-8.203648062196E0));
#953=CARTESIAN_POINT('',(1.777940241571E0,3.592307876443E0,-8.205282048223E0));
#954=CARTESIAN_POINT('',(1.888875879597E0,3.528259155966E0,-8.206225852179E0));
#955=CARTESIAN_POINT('',(1.999999749390E0,3.464101759828E0,-8.206534273072E0));
#956=CARTESIAN_POINT('',(2.111123619808E0,3.399944363328E0,-8.206225854977E0));
#957=CARTESIAN_POINT('',(2.222059260516E0,3.335895641303E0,-8.205282053955E0));
#958=CARTESIAN_POINT('',(2.332617719980E0,3.272064684970E0,-8.203648071302E0));
#959=CARTESIAN_POINT('',(2.442595976531E0,3.208568708946E0,-8.201235625273E0));
#960=CARTESIAN_POINT('',(2.551772140450E0,3.145535821318E0,-8.197927736349E0));
#961=CARTESIAN_POINT('',(2.659928025943E0,3.083091991714E0,-8.193583846352E0));
#962=CARTESIAN_POINT('',(2.766807433073E0,3.021385137236E0,-8.188048585875E0));
#963=CARTESIAN_POINT('',(2.872164784045E0,2.960557042292E0,-8.181158243122E0));
#964=CARTESIAN_POINT('',(2.975745837140E0,2.900754493404E0,-8.172749276E0));
#965=CARTESIAN_POINT('',(3.077270835797E0,2.842139008100E0,-8.162669678737E0));
#966=CARTESIAN_POINT('',(3.176529685606E0,2.784831884444E0,-8.150776404277E0));
#967=CARTESIAN_POINT('',(3.273263141940E0,2.728982797389E0,-8.136953860523E0));
#968=CARTESIAN_POINT('',(3.367292718434E0,2.674694796089E0,-8.121102422913E0));
#969=CARTESIAN_POINT('',(3.458377226758E0,2.622107130689E0,-8.103162764957E0));
#970=CARTESIAN_POINT('',(3.546331723314E0,2.571326578426E0,-8.083103562635E0));
#971=CARTESIAN_POINT('',(3.631139445808E0,2.522362817014E0,-8.060883932686E0));
#972=CARTESIAN_POINT('',(3.712801268822E0,2.475215341515E0,-8.036470584053E0));
#973=CARTESIAN_POINT('',(3.791086200331E0,2.430017515235E0,-8.009918837754E0));
#974=CARTESIAN_POINT('',(3.865417912200E0,2.387102081378E0,-7.981481641276E0));
#975=CARTESIAN_POINT('',(3.935521231300E0,2.346627911224E0,-7.951394877170E0));
#976=CARTESIAN_POINT('',(3.979011079936E0,2.321519035407E0,-7.930575673003E0));
#977=CARTESIAN_POINT('',(4.E0,2.309401076759E0,-7.92E0));
#979=CARTESIAN_POINT('',(-4.E0,2.309401076759E0,-7.92E0));
#980=CARTESIAN_POINT('',(-3.979011081931E0,2.321519034256E0,-7.930575671998E0));
#981=CARTESIAN_POINT('',(-3.935521255100E0,2.346627897483E0,-7.951394865148E0));
#982=CARTESIAN_POINT('',(-3.865418045661E0,2.387102004324E0,-7.981481585292E0));
#983=CARTESIAN_POINT('',(-3.791086461415E0,2.430017364498E0,-8.009918741989E0));
#984=CARTESIAN_POINT('',(-3.712801621955E0,2.475215137634E0,-8.036470471468E0));
#985=CARTESIAN_POINT('',(-3.631139763974E0,2.522362633322E0,-8.060883844154E0));
#986=CARTESIAN_POINT('',(-3.546332040461E0,2.571326395321E0,-8.083103485078E0));
#987=CARTESIAN_POINT('',(-3.458377561938E0,2.622106937172E0,-8.103162693377E0));
#988=CARTESIAN_POINT('',(-3.367293131965E0,2.674694557337E0,-8.121102347157E0));
#989=CARTESIAN_POINT('',(-3.273263560359E0,2.728982555815E0,-8.136953795613E0));
#990=CARTESIAN_POINT('',(-3.176530125314E0,2.784831630578E0,-8.150776346602E0));
#991=CARTESIAN_POINT('',(-3.077271285864E0,2.842138748254E0,-8.162669629617E0));
#992=CARTESIAN_POINT('',(-2.975746303821E0,2.900754223966E0,-8.172749233953E0));
#993=CARTESIAN_POINT('',(-2.872165277138E0,2.960556757604E0,-8.181158207143E0));
#994=CARTESIAN_POINT('',(-2.766807924173E0,3.021384853700E0,-8.188048557283E0));
#995=CARTESIAN_POINT('',(-2.659928529297E0,3.083091701102E0,-8.193583823353E0));
#996=CARTESIAN_POINT('',(-2.551772639908E0,3.145535532956E0,-8.197927718928E0));
#997=CARTESIAN_POINT('',(-2.442596472722E0,3.208568422469E0,-8.201235612425E0));
#998=CARTESIAN_POINT('',(-2.332618220930E0,3.272064395746E0,-8.203648062196E0));
#999=CARTESIAN_POINT('',(-2.222059758429E0,3.335895353833E0,-8.205282048223E0));
#1000=CARTESIAN_POINT('',(-2.111124120403E0,3.399944074309E0,
-8.206225852179E0));
#1001=CARTESIAN_POINT('',(-2.000000250610E0,3.464101470448E0,
-8.206534273072E0));
#1002=CARTESIAN_POINT('',(-1.888876380192E0,3.528258866947E0,
-8.206225854977E0));
#1003=CARTESIAN_POINT('',(-1.777940739484E0,3.592307588972E0,
-8.205282053955E0));
#1004=CARTESIAN_POINT('',(-1.667382280020E0,3.656138545306E0,
-8.203648071302E0));
#1005=CARTESIAN_POINT('',(-1.557404023469E0,3.719634521330E0,
-8.201235625273E0));
#1006=CARTESIAN_POINT('',(-1.448227859550E0,3.782667408958E0,
-8.197927736349E0));
#1007=CARTESIAN_POINT('',(-1.340071974057E0,3.845111238562E0,
-8.193583846352E0));
#1008=CARTESIAN_POINT('',(-1.233192566927E0,3.906818093039E0,
-8.188048585875E0));
#1009=CARTESIAN_POINT('',(-1.127835215955E0,3.967646187984E0,
-8.181158243122E0));
#1010=CARTESIAN_POINT('',(-1.024254162860E0,4.027448736871E0,-8.172749276E0));
#1011=CARTESIAN_POINT('',(-9.227291642032E-1,4.086064222175E0,
-8.162669678737E0));
#1012=CARTESIAN_POINT('',(-8.234703143944E-1,4.143371345832E0,
-8.150776404277E0));
#1013=CARTESIAN_POINT('',(-7.267368580600E-1,4.199220432886E0,
-8.136953860523E0));
#1014=CARTESIAN_POINT('',(-6.327072815664E-1,4.253508434186E0,
-8.121102422913E0));
#1015=CARTESIAN_POINT('',(-5.416227732420E-1,4.306096099587E0,
-8.103162764957E0));
#1016=CARTESIAN_POINT('',(-4.536682766856E-1,4.356876651850E0,
-8.083103562635E0));
#1017=CARTESIAN_POINT('',(-3.688605541915E-1,4.405840413261E0,
-8.060883932686E0));
#1018=CARTESIAN_POINT('',(-2.871987311780E-1,4.452987888760E0,
-8.036470584053E0));
#1019=CARTESIAN_POINT('',(-2.089137996692E-1,4.498185715041E0,
-8.009918837754E0));
#1020=CARTESIAN_POINT('',(-1.345820878004E-1,4.541101148897E0,
-7.981481641276E0));
#1021=CARTESIAN_POINT('',(-6.447876869989E-2,4.581575319051E0,
-7.951394877170E0));
#1022=CARTESIAN_POINT('',(-2.098892006373E-2,4.606684194868E0,
-7.930575673003E0));
#1023=CARTESIAN_POINT('',(0.E0,4.618802153517E0,-7.92E0));
#1025=CARTESIAN_POINT('',(-4.E0,0.E0,-8.206431466574E0));
#1026=CARTESIAN_POINT('',(-4.E0,4.336077218638E-2,-8.206431466574E0));
#1027=CARTESIAN_POINT('',(-4.E0,1.300101684639E-1,-8.206220483172E0));
#1028=CARTESIAN_POINT('',(-4.E0,2.599210859257E-1,-8.205250071983E0));
#1029=CARTESIAN_POINT('',(-4.E0,3.893090290672E-1,-8.203568481208E0));
#1030=CARTESIAN_POINT('',(-4.E0,5.178804734981E-1,-8.201085201021E0));
#1031=CARTESIAN_POINT('',(-4.E0,6.452860515726E-1,-8.197682260852E0));
#1032=CARTESIAN_POINT('',(-4.E0,7.712336124732E-1,-8.193219417746E0));
#1033=CARTESIAN_POINT('',(-4.E0,8.954081888662E-1,-8.187543488911E0));
#1034=CARTESIAN_POINT('',(-4.E0,1.017497479274E0,-8.180496567356E0));
#1035=CARTESIAN_POINT('',(-4.E0,1.137161156854E0,-8.171928145827E0));
#1036=CARTESIAN_POINT('',(-4.E0,1.254220644980E0,-8.161687879117E0));
#1037=CARTESIAN_POINT('',(-4.E0,1.368479631313E0,-8.149639135174E0));
#1038=CARTESIAN_POINT('',(-4.E0,1.479738739080E0,-8.135664870164E0));
#1039=CARTESIAN_POINT('',(-4.E0,1.587811381978E0,-8.119670090085E0));
#1040=CARTESIAN_POINT('',(-4.E0,1.692467248960E0,-8.101593193185E0));
#1041=CARTESIAN_POINT('',(-4.E0,1.793332861051E0,-8.081440479241E0));
#1042=CARTESIAN_POINT('',(-4.E0,1.890313631277E0,-8.059209253155E0));
#1043=CARTESIAN_POINT('',(-4.E0,1.983422008291E0,-8.034893904646E0));
#1044=CARTESIAN_POINT('',(-4.E0,2.072544219174E0,-8.008534868454E0));
#1045=CARTESIAN_POINT('',(-4.E0,2.157015680796E0,-7.980403529917E0));
#1046=CARTESIAN_POINT('',(-4.E0,2.236507733014E0,-7.950761315393E0));
#1047=CARTESIAN_POINT('',(-4.E0,2.285694337075E0,-7.930344759135E0));
#1048=CARTESIAN_POINT('',(-4.E0,2.309401076759E0,-7.92E0));
#1050=CARTESIAN_POINT('',(-3.818802153517E0,0.E0,-7.003333333333E0));
#1051=DIRECTION('',(0.E0,1.E0,0.E0));
#1052=DIRECTION('',(0.E0,0.E0,-1.E0));
#1053=AXIS2_PLACEMENT_3D('',#1050,#1051,#1052);
#1055=DIRECTION('',(0.E0,0.E0,1.E0));
#1056=VECTOR('',#1055,5.4E0);
#1057=CARTESIAN_POINT('',(4.E0,2.309401076759E0,-7.92E0));
#1058=LINE('',#1057,#1056);
#1059=DIRECTION('',(0.E0,0.E0,1.E0));
#1060=VECTOR('',#1059,5.4E0);
#1061=CARTESIAN_POINT('',(4.E0,-2.309401076759E0,-7.92E0));
#1062=LINE('',#1061,#1060);
#1063=DIRECTION('',(0.E0,0.E0,1.E0));
#1064=VECTOR('',#1063,5.4E0);
#1065=CARTESIAN_POINT('',(0.E0,-4.618802153517E0,-7.92E0));
#1066=LINE('',#1065,#1064);
#1067=DIRECTION('',(0.E0,0.E0,1.E0));
#1068=VECTOR('',#1067,5.4E0);
#1069=CARTESIAN_POINT('',(-4.E0,-2.309401076759E0,-7.92E0));
#1070=LINE('',#1069,#1068);
#1071=DIRECTION('',(0.E0,0.E0,1.E0));
#1072=VECTOR('',#1071,5.4E0);
#1073=CARTESIAN_POINT('',(-4.E0,2.309401076759E0,-7.92E0));
#1074=LINE('',#1073,#1072);
#1075=DIRECTION('',(0.E0,0.E0,1.E0));
#1076=VECTOR('',#1075,5.4E0);
#1077=CARTESIAN_POINT('',(0.E0,4.618802153517E0,-7.92E0));
#1078=LINE('',#1077,#1076);
#1079=CARTESIAN_POINT('',(4.E0,2.309401076759E0,-2.52E0));
#1080=CARTESIAN_POINT('',(3.978987415875E0,2.321532697859E0,-2.509412403403E0));
#1081=CARTESIAN_POINT('',(3.935552924657E0,2.346609613056E0,-2.488623464676E0));
#1082=CARTESIAN_POINT('',(3.865853669357E0,2.386850496866E0,-2.458703677526E0));
#1083=CARTESIAN_POINT('',(3.792267811860E0,2.429335311501E0,-2.430519827595E0));
#1084=CARTESIAN_POINT('',(3.715083456821E0,2.473897719659E0,-2.404274433626E0));
#1085=CARTESIAN_POINT('',(3.634927785630E0,2.520175617999E0,-2.380197866934E0));
#1086=CARTESIAN_POINT('',(3.551446894462E0,2.568373332987E0,-2.358160129159E0));
#1087=CARTESIAN_POINT('',(3.463609953472E0,2.619086014512E0,-2.337944034916E0));
#1088=CARTESIAN_POINT('',(3.371593236563E0,2.672211890789E0,-2.319674150963E0));
#1089=CARTESIAN_POINT('',(3.276845544561E0,2.726914496272E0,-2.303599581463E0));
#1090=CARTESIAN_POINT('',(3.179824951938E0,2.782929361540E0,-2.289654601915E0));
#1091=CARTESIAN_POINT('',(3.080449213133E0,2.840303971090E0,-2.277677215661E0));
#1092=CARTESIAN_POINT('',(2.978771945102E0,2.899007369158E0,-2.267521386329E0));
#1093=CARTESIAN_POINT('',(2.874720539096E0,2.959081476425E0,-2.259024899164E0));
#1094=CARTESIAN_POINT('',(2.768660694522E0,3.020315156240E0,-2.252056901227E0));
#1095=CARTESIAN_POINT('',(2.661519675982E0,3.082173052135E0,-2.246489305839E0));
#1096=CARTESIAN_POINT('',(2.553718739933E0,3.144411951582E0,-2.242142164636E0));
#1097=CARTESIAN_POINT('',(2.445083487816E0,3.207132543635E0,-2.238830439569E0));
#1098=CARTESIAN_POINT('',(2.335529485999E0,3.270383576075E0,-2.236405691179E0));
#1099=CARTESIAN_POINT('',(2.224939468357E0,3.334232752531E0,-2.234750587374E0));
#1100=CARTESIAN_POINT('',(2.113217673582E0,3.398735360818E0,-2.233783449475E0));
#1101=CARTESIAN_POINT('',(2.037876675703E0,3.442233506225E0,-2.233568533426E0));
#1102=CARTESIAN_POINT('',(2.E0,3.464101615138E0,-2.233568533426E0));
#1104=CARTESIAN_POINT('',(4.E0,0.E0,-2.233568533426E0));
#1105=CARTESIAN_POINT('',(4.E0,4.336079554071E-2,-2.233568533426E0));
#1106=CARTESIAN_POINT('',(4.E0,1.300102331745E-1,-2.233779517064E0));
#1107=CARTESIAN_POINT('',(4.E0,2.599211894813E-1,-2.234749929E0));
#1108=CARTESIAN_POINT('',(4.E0,3.893091696752E-1,-2.236431520961E0));
#1109=CARTESIAN_POINT('',(4.E0,5.178806592530E-1,-2.238914803070E0));
#1110=CARTESIAN_POINT('',(4.E0,6.452863125507E-1,-2.242317746938E0));
#1111=CARTESIAN_POINT('',(4.E0,7.712339607421E-1,-2.246780595994E0));
#1112=CARTESIAN_POINT('',(4.E0,8.954086039031E-1,-2.252456532209E0));
#1113=CARTESIAN_POINT('',(4.E0,1.017497910945E0,-2.259503460485E0));
#1114=CARTESIAN_POINT('',(4.E0,1.137161524084E0,-2.268071883749E0));
#1115=CARTESIAN_POINT('',(4.E0,1.254220885107E0,-2.278312144824E0));
#1116=CARTESIAN_POINT('',(4.E0,1.368479708201E0,-2.290360874831E0));
#1117=CARTESIAN_POINT('',(4.E0,1.479738643965E0,-2.304335118097E0));
#1118=CARTESIAN_POINT('',(4.E0,1.587811136719E0,-2.320329871875E0));
#1119=CARTESIAN_POINT('',(4.E0,1.692466892139E0,-2.338406741204E0));
#1120=CARTESIAN_POINT('',(4.E0,1.793332499535E0,-2.358559442877E0));
#1121=CARTESIAN_POINT('',(4.E0,1.890313378135E0,-2.380790683527E0));
#1122=CARTESIAN_POINT('',(4.E0,1.983421877081E0,-2.405106057912E0));
#1123=CARTESIAN_POINT('',(4.E0,2.072544135766E0,-2.431465105111E0));
#1124=CARTESIAN_POINT('',(4.E0,2.157015611517E0,-2.459596445598E0));
#1125=CARTESIAN_POINT('',(4.E0,2.236507678010E0,-2.489238662575E0));
#1126=CARTESIAN_POINT('',(4.E0,2.285694316211E0,-2.509655231761E0));
#1127=CARTESIAN_POINT('',(4.E0,2.309401076759E0,-2.52E0));
#1129=CARTESIAN_POINT('',(0.E0,0.E0,-2.233568533426E0));
#1130=DIRECTION('',(0.E0,0.E0,-1.E0));
#1131=DIRECTION('',(5.E-1,8.660254037844E-1,0.E0));
#1132=AXIS2_PLACEMENT_3D('',#1129,#1130,#1131);
#1134=DIRECTION('',(0.E0,0.E0,-1.E0));
#1135=VECTOR('',#1134,2.233568533426E0);
#1136=CARTESIAN_POINT('',(0.E0,-4.E0,0.E0));
#1137=LINE('',#1136,#1135);
#1138=CARTESIAN_POINT('',(0.E0,4.618802153517E0,-2.52E0));
#1139=CARTESIAN_POINT('',(-2.101258412502E-2,4.606670532416E0,
-2.509412403403E0));
#1140=CARTESIAN_POINT('',(-6.444707534309E-2,4.581593617219E0,
-2.488623464676E0));
#1141=CARTESIAN_POINT('',(-1.341463306428E-1,4.541352733410E0,
-2.458703677526E0));
#1142=CARTESIAN_POINT('',(-2.077321881404E-1,4.498867918775E0,
-2.430519827595E0));
#1143=CARTESIAN_POINT('',(-2.849165431789E-1,4.454305510616E0,
-2.404274433626E0));
#1144=CARTESIAN_POINT('',(-3.650722143697E-1,4.408027612277E0,
-2.380197866934E0));
#1145=CARTESIAN_POINT('',(-4.485531055381E-1,4.359829897289E0,
-2.358160129159E0));
#1146=CARTESIAN_POINT('',(-5.363900465279E-1,4.309117215763E0,
-2.337944034916E0));
#1147=CARTESIAN_POINT('',(-6.284067634369E-1,4.255991339486E0,
-2.319674150963E0));
#1148=CARTESIAN_POINT('',(-7.231544554390E-1,4.201288734004E0,
-2.303599581463E0));
#1149=CARTESIAN_POINT('',(-8.201750480621E-1,4.145273868736E0,
-2.289654601915E0));
#1150=CARTESIAN_POINT('',(-9.195507868675E-1,4.087899259186E0,
-2.277677215661E0));
#1151=CARTESIAN_POINT('',(-1.021228054898E0,4.029195861117E0,
-2.267521386329E0));
#1152=CARTESIAN_POINT('',(-1.125279460904E0,3.969121753851E0,
-2.259024899164E0));
#1153=CARTESIAN_POINT('',(-1.231339305478E0,3.907888074036E0,
-2.252056901227E0));
#1154=CARTESIAN_POINT('',(-1.338480324018E0,3.846030178140E0,
-2.246489305839E0));
#1155=CARTESIAN_POINT('',(-1.446281260067E0,3.783791278693E0,
-2.242142164636E0));
#1156=CARTESIAN_POINT('',(-1.554916512184E0,3.721070686640E0,
-2.238830439569E0));
#1157=CARTESIAN_POINT('',(-1.664470514001E0,3.657819654200E0,
-2.236405691179E0));
#1158=CARTESIAN_POINT('',(-1.775060531644E0,3.593970477745E0,
-2.234750587374E0));
#1159=CARTESIAN_POINT('',(-1.886782326418E0,3.529467869458E0,
-2.233783449475E0));
#1160=CARTESIAN_POINT('',(-1.962123324297E0,3.485969724051E0,
-2.233568533426E0));
#1161=CARTESIAN_POINT('',(-2.E0,3.464101615138E0,-2.233568533426E0));
#1163=CARTESIAN_POINT('',(2.E0,3.464101615138E0,-2.233568533426E0));
#1164=CARTESIAN_POINT('',(1.961860682693E0,3.486121360252E0,-2.233568533426E0));
#1165=CARTESIAN_POINT('',(1.886031862637E0,3.529901149923E0,-2.233786442578E0));
#1166=CARTESIAN_POINT('',(1.773703597548E0,3.594753904010E0,-2.234765313499E0));
#1167=CARTESIAN_POINT('',(1.662593733109E0,3.658903214154E0,-2.236439109142E0));
#1168=CARTESIAN_POINT('',(1.552583913547E0,3.722417413091E0,-2.238890229709E0));
#1169=CARTESIAN_POINT('',(1.443524765851E0,3.785382741371E0,-2.242237950288E0));
#1170=CARTESIAN_POINT('',(1.335330865500E0,3.847848518863E0,-2.246632620902E0));
#1171=CARTESIAN_POINT('',(1.227842179962E0,3.909907140393E0,-2.252260601123E0));
#1172=CARTESIAN_POINT('',(1.121523184871E0,3.971290440830E0,-2.259299908863E0));
#1173=CARTESIAN_POINT('',(1.017303539031E0,4.031461681410E0,-2.267876193138E0));
#1174=CARTESIAN_POINT('',(9.155132416045E-1,4.090230337030E0,
-2.278121088441E0));
#1175=CARTESIAN_POINT('',(8.160877826141E-1,4.147633652542E0,
-2.290194156239E0));
#1176=CARTESIAN_POINT('',(7.190855888518E-1,4.203637895223E0,
-2.304237234358E0));
#1177=CARTESIAN_POINT('',(6.244224672511E-1,4.258291673962E0,
-2.320408600795E0));
#1178=CARTESIAN_POINT('',(5.326127353487E-1,4.311298047390E0,
-2.338756255084E0));
#1179=CARTESIAN_POINT('',(4.451137283131E-1,4.361815622655E0,
-2.359013701727E0));
#1180=CARTESIAN_POINT('',(3.620320787293E-1,4.409782835407E0,
-2.381060324126E0));
#1181=CARTESIAN_POINT('',(2.823344431056E-1,4.455796286788E0,
-2.405107020171E0));
#1182=CARTESIAN_POINT('',(2.056899865046E-1,4.500046984439E0,
-2.431265452429E0));
#1183=CARTESIAN_POINT('',(1.327186218022E-1,4.542177021493E0,
-2.459292423993E0));
#1184=CARTESIAN_POINT('',(6.370084513983E-2,4.582024453428E0,
-2.488973059922E0));
#1185=CARTESIAN_POINT('',(2.075792660998E-2,4.606817559001E0,
-2.509540717513E0));
#1186=CARTESIAN_POINT('',(0.E0,4.618802153517E0,-2.52E0));
#1188=CARTESIAN_POINT('',(0.E0,0.E0,-2.233568533426E0));
#1189=DIRECTION('',(0.E0,0.E0,-1.E0));
#1190=DIRECTION('',(0.E0,1.E0,0.E0));
#1191=AXIS2_PLACEMENT_3D('',#1188,#1189,#1190);
#1193=CARTESIAN_POINT('',(0.E0,0.E0,-2.233568533426E0));
#1194=DIRECTION('',(0.E0,0.E0,-1.E0));
#1195=DIRECTION('',(-5.E-1,8.660254037844E-1,0.E0));
#1196=AXIS2_PLACEMENT_3D('',#1193,#1194,#1195);
#1198=DIRECTION('',(0.E0,0.E0,-1.E0));
#1199=VECTOR('',#1198,2.233568533426E0);
#1200=CARTESIAN_POINT('',(0.E0,4.E0,0.E0));
#1201=LINE('',#1200,#1199);
#1202=CARTESIAN_POINT('',(0.E0,0.E0,1.776356839400E-14));
#1203=DIRECTION('',(0.E0,0.E0,1.E0));
#1204=DIRECTION('',(0.E0,-1.E0,0.E0));
#1205=AXIS2_PLACEMENT_3D('',#1202,#1203,#1204);
#1207=CARTESIAN_POINT('',(0.E0,0.E0,1.776356839400E-14));
#1208=DIRECTION('',(0.E0,0.E0,1.E0));
#1209=DIRECTION('',(0.E0,1.E0,0.E0));
#1210=AXIS2_PLACEMENT_3D('',#1207,#1208,#1209);
#1212=CARTESIAN_POINT('',(0.E0,0.E0,0.E0));
#1213=DIRECTION('',(0.E0,0.E0,1.E0));
#1214=DIRECTION('',(-1.E0,0.E0,0.E0));
#1215=AXIS2_PLACEMENT_3D('',#1212,#1213,#1214);
#1217=CARTESIAN_POINT('',(0.E0,0.E0,0.E0));
#1218=DIRECTION('',(0.E0,0.E0,1.E0));
#1219=DIRECTION('',(1.E0,0.E0,0.E0));
#1220=AXIS2_PLACEMENT_3D('',#1217,#1218,#1219);
#1222=DIRECTION('',(-7.071067811865E-1,1.222591928118E-11,7.071067811865E-1));
#1223=VECTOR('',#1222,2.828427124740E-1);
#1224=CARTESIAN_POINT('',(-2.679999999999E0,7.988928917042E-12,
-2.000000000011E-1));
#1225=LINE('',#1224,#1223);
#1226=CARTESIAN_POINT('',(0.E0,0.E0,-2.E-1));
#1227=DIRECTION('',(0.E0,0.E0,1.E0));
#1228=DIRECTION('',(-1.E0,0.E0,0.E0));
#1229=AXIS2_PLACEMENT_3D('',#1226,#1227,#1228);
#1231=CARTESIAN_POINT('',(0.E0,0.E0,-2.E-1));
#1232=DIRECTION('',(0.E0,0.E0,1.E0));
#1233=DIRECTION('',(1.E0,0.E0,0.E0));
#1234=AXIS2_PLACEMENT_3D('',#1231,#1232,#1233);
#1236=DIRECTION('',(1.613637128921E-13,1.219587291880E-12,-1.E0));
#1237=VECTOR('',#1236,6.549999999999E0);
#1238=CARTESIAN_POINT('',(2.679999999999E0,-7.988495121662E-12,
-2.000000000011E-1));
#1239=LINE('',#1238,#1237);
#1240=DIRECTION('',(-1.610247134953E-13,-1.219683804129E-12,-1.E0));
#1241=VECTOR('',#1240,6.549999999999E0);
#1242=CARTESIAN_POINT('',(-2.679999999999E0,7.988928917042E-12,
-2.000000000011E-1));
#1243=LINE('',#1242,#1241);
#1244=DIRECTION('',(7.071067811865E-1,-1.222702304243E-11,7.071067811865E-1));
#1245=VECTOR('',#1244,2.828427124740E-1);
#1246=CARTESIAN_POINT('',(2.679999999999E0,-7.988495121662E-12,
-2.000000000011E-1));
#1247=LINE('',#1246,#1245);
#1248=CARTESIAN_POINT('',(0.E0,0.E0,-6.75E0));
#1249=DIRECTION('',(0.E0,0.E0,1.E0));
#1250=DIRECTION('',(-1.E0,0.E0,0.E0));
#1251=AXIS2_PLACEMENT_3D('',#1248,#1249,#1250);
#1253=CARTESIAN_POINT('',(0.E0,0.E0,-6.75E0));
#1254=DIRECTION('',(0.E0,0.E0,1.E0));
#1255=DIRECTION('',(1.E0,0.E0,0.E0));
#1256=AXIS2_PLACEMENT_3D('',#1253,#1254,#1255);
#1258=CARTESIAN_POINT('',(0.E0,0.E0,-6.75E0));
#1259=DIRECTION('',(0.E0,0.E0,-1.E0));
#1260=DIRECTION('',(0.E0,-1.E0,0.E0));
#1261=AXIS2_PLACEMENT_3D('',#1258,#1259,#1260);
#1263=DIRECTION('',(0.E0,0.E0,1.E0));
#1264=VECTOR('',#1263,2.5E-1);
#1265=CARTESIAN_POINT('',(0.E0,-2.295E0,-6.75E0));
#1266=LINE('',#1265,#1264);
#1267=CARTESIAN_POINT('',(0.E0,0.E0,-6.75E0));
#1268=DIRECTION('',(0.E0,0.E0,-1.E0));
#1269=DIRECTION('',(0.E0,1.E0,0.E0));
#1270=AXIS2_PLACEMENT_3D('',#1267,#1268,#1269);
#1272=DIRECTION('',(0.E0,0.E0,1.E0));
#1273=VECTOR('',#1272,2.5E-1);
#1274=CARTESIAN_POINT('',(0.E0,2.295E0,-6.75E0));
#1275=LINE('',#1274,#1273);
#1276=CARTESIAN_POINT('',(0.E0,0.E0,-6.5E0));
#1277=DIRECTION('',(0.E0,0.E0,1.E0));
#1278=DIRECTION('',(0.E0,1.E0,0.E0));
#1279=AXIS2_PLACEMENT_3D('',#1276,#1277,#1278);
#1281=CARTESIAN_POINT('',(0.E0,0.E0,-6.5E0));
#1282=DIRECTION('',(0.E0,0.E0,1.E0));
#1283=DIRECTION('',(0.E0,-1.E0,0.E0));
#1284=AXIS2_PLACEMENT_3D('',#1281,#1282,#1283);
#1286=CARTESIAN_POINT('',(0.E0,0.E0,-6.5E0));
#1287=DIRECTION('',(0.E0,0.E0,-1.E0));
#1288=DIRECTION('',(0.E0,1.E0,0.E0));
#1289=AXIS2_PLACEMENT_3D('',#1286,#1287,#1288);
#1291=CARTESIAN_POINT('',(0.E0,0.E0,-6.5E0));
#1292=DIRECTION('',(0.E0,0.E0,-1.E0));
#1293=DIRECTION('',(0.E0,-1.E0,0.E0));
#1294=AXIS2_PLACEMENT_3D('',#1291,#1292,#1293);
#1296=CARTESIAN_POINT('',(0.E0,0.E0,-6.75E0));
#1297=DIRECTION('',(0.E0,0.E0,1.E0));
#1298=DIRECTION('',(0.E0,-1.E0,0.E0));
#1299=AXIS2_PLACEMENT_3D('',#1296,#1297,#1298);
#1301=DIRECTION('',(0.E0,-8.715574274766E-2,-9.961946980917E-1));
#1302=VECTOR('',#1301,2.509549593858E-1);
#1303=CARTESIAN_POINT('',(0.E0,5.E-2,-6.5E0));
#1304=LINE('',#1303,#1302);
#1305=CARTESIAN_POINT('',(0.E0,0.E0,-6.75E0));
#1306=DIRECTION('',(0.E0,0.E0,1.E0));
#1307=DIRECTION('',(0.E0,1.E0,0.E0));
#1308=AXIS2_PLACEMENT_3D('',#1305,#1306,#1307);
#1310=DIRECTION('',(0.E0,8.715574274766E-2,-9.961946980917E-1));
#1311=VECTOR('',#1310,2.509549593858E-1);
#1312=CARTESIAN_POINT('',(0.E0,-5.E-2,-6.5E0));
#1313=LINE('',#1312,#1311);
#1314=CARTESIAN_POINT('',(0.E0,-4.618802153517E0,-2.52E0));
#1315=CARTESIAN_POINT('',(2.101258412501E-2,-4.606670532416E0,
-2.509412403403E0));
#1316=CARTESIAN_POINT('',(6.444707534306E-2,-4.581593617219E0,
-2.488623464676E0));
#1317=CARTESIAN_POINT('',(1.341463306428E-1,-4.541352733410E0,
-2.458703677526E0));
#1318=CARTESIAN_POINT('',(2.077321881403E-1,-4.498867918775E0,
-2.430519827595E0));
#1319=CARTESIAN_POINT('',(2.849165431789E-1,-4.454305510616E0,
-2.404274433626E0));
#1320=CARTESIAN_POINT('',(3.650722143697E-1,-4.408027612277E0,
-2.380197866934E0));
#1321=CARTESIAN_POINT('',(4.485531055382E-1,-4.359829897289E0,
-2.358160129159E0));
#1322=CARTESIAN_POINT('',(5.363900465280E-1,-4.309117215763E0,
-2.337944034916E0));
#1323=CARTESIAN_POINT('',(6.284067634369E-1,-4.255991339486E0,
-2.319674150963E0));
#1324=CARTESIAN_POINT('',(7.231544554390E-1,-4.201288734004E0,
-2.303599581463E0));
#1325=CARTESIAN_POINT('',(8.201750480621E-1,-4.145273868736E0,
-2.289654601915E0));
#1326=CARTESIAN_POINT('',(9.195507868676E-1,-4.087899259185E0,
-2.277677215661E0));
#1327=CARTESIAN_POINT('',(1.021228054898E0,-4.029195861117E0,
-2.267521386329E0));
#1328=CARTESIAN_POINT('',(1.125279460904E0,-3.969121753851E0,
-2.259024899164E0));
#1329=CARTESIAN_POINT('',(1.231339305478E0,-3.907888074036E0,
-2.252056901227E0));
#1330=CARTESIAN_POINT('',(1.338480324018E0,-3.846030178140E0,
-2.246489305839E0));
#1331=CARTESIAN_POINT('',(1.446281260067E0,-3.783791278693E0,
-2.242142164636E0));
#1332=CARTESIAN_POINT('',(1.554916512184E0,-3.721070686640E0,
-2.238830439569E0));
#1333=CARTESIAN_POINT('',(1.664470514001E0,-3.657819654200E0,
-2.236405691179E0));
#1334=CARTESIAN_POINT('',(1.775060531644E0,-3.593970477745E0,
-2.234750587374E0));
#1335=CARTESIAN_POINT('',(1.886782326418E0,-3.529467869458E0,
-2.233783449475E0));
#1336=CARTESIAN_POINT('',(1.962123324297E0,-3.485969724051E0,
-2.233568533426E0));
#1337=CARTESIAN_POINT('',(2.E0,-3.464101615138E0,-2.233568533426E0));
#1339=CARTESIAN_POINT('',(-2.E0,-3.464101615138E0,-2.233568533426E0));
#1340=CARTESIAN_POINT('',(-1.961860682693E0,-3.486121360252E0,
-2.233568533426E0));
#1341=CARTESIAN_POINT('',(-1.886031862637E0,-3.529901149923E0,
-2.233786442578E0));
#1342=CARTESIAN_POINT('',(-1.773703597548E0,-3.594753904010E0,
-2.234765313499E0));
#1343=CARTESIAN_POINT('',(-1.662593733109E0,-3.658903214154E0,
-2.236439109142E0));
#1344=CARTESIAN_POINT('',(-1.552583913547E0,-3.722417413091E0,
-2.238890229709E0));
#1345=CARTESIAN_POINT('',(-1.443524765851E0,-3.785382741371E0,
-2.242237950288E0));
#1346=CARTESIAN_POINT('',(-1.335330865500E0,-3.847848518864E0,
-2.246632620902E0));
#1347=CARTESIAN_POINT('',(-1.227842179962E0,-3.909907140393E0,
-2.252260601123E0));
#1348=CARTESIAN_POINT('',(-1.121523184871E0,-3.971290440830E0,
-2.259299908863E0));
#1349=CARTESIAN_POINT('',(-1.017303539031E0,-4.031461681410E0,
-2.267876193138E0));
#1350=CARTESIAN_POINT('',(-9.155132416044E-1,-4.090230337030E0,
-2.278121088441E0));
#1351=CARTESIAN_POINT('',(-8.160877826141E-1,-4.147633652542E0,
-2.290194156239E0));
#1352=CARTESIAN_POINT('',(-7.190855888518E-1,-4.203637895223E0,
-2.304237234358E0));
#1353=CARTESIAN_POINT('',(-6.244224672511E-1,-4.258291673962E0,
-2.320408600795E0));
#1354=CARTESIAN_POINT('',(-5.326127353487E-1,-4.311298047390E0,
-2.338756255084E0));
#1355=CARTESIAN_POINT('',(-4.451137283131E-1,-4.361815622655E0,
-2.359013701727E0));
#1356=CARTESIAN_POINT('',(-3.620320787293E-1,-4.409782835407E0,
-2.381060324126E0));
#1357=CARTESIAN_POINT('',(-2.823344431056E-1,-4.455796286788E0,
-2.405107020171E0));
#1358=CARTESIAN_POINT('',(-2.056899865046E-1,-4.500046984439E0,
-2.431265452429E0));
#1359=CARTESIAN_POINT('',(-1.327186218022E-1,-4.542177021493E0,
-2.459292423993E0));
#1360=CARTESIAN_POINT('',(-6.370084513984E-2,-4.582024453428E0,
-2.488973059922E0));
#1361=CARTESIAN_POINT('',(-2.075792660998E-2,-4.606817559001E0,
-2.509540717513E0));
#1362=CARTESIAN_POINT('',(0.E0,-4.618802153517E0,-2.52E0));
#1364=CARTESIAN_POINT('',(0.E0,0.E0,-2.233568533426E0));
#1365=DIRECTION('',(0.E0,0.E0,-1.E0));
#1366=DIRECTION('',(0.E0,-1.E0,0.E0));
#1367=AXIS2_PLACEMENT_3D('',#1364,#1365,#1366);
#1369=CARTESIAN_POINT('',(0.E0,0.E0,-2.233568533426E0));
#1370=DIRECTION('',(0.E0,0.E0,-1.E0));
#1371=DIRECTION('',(5.E-1,-8.660254037844E-1,0.E0));
#1372=AXIS2_PLACEMENT_3D('',#1369,#1370,#1371);
#1374=CARTESIAN_POINT('',(-4.E0,-2.309401076759E0,-2.52E0));
#1375=CARTESIAN_POINT('',(-3.978987415875E0,-2.321532697859E0,
-2.509412403403E0));
#1376=CARTESIAN_POINT('',(-3.935552924657E0,-2.346609613056E0,
-2.488623464676E0));
#1377=CARTESIAN_POINT('',(-3.865853669357E0,-2.386850496866E0,
-2.458703677526E0));
#1378=CARTESIAN_POINT('',(-3.792267811860E0,-2.429335311501E0,
-2.430519827595E0));
#1379=CARTESIAN_POINT('',(-3.715083456821E0,-2.473897719659E0,
-2.404274433626E0));
#1380=CARTESIAN_POINT('',(-3.634927785630E0,-2.520175617999E0,
-2.380197866934E0));
#1381=CARTESIAN_POINT('',(-3.551446894462E0,-2.568373332987E0,
-2.358160129159E0));
#1382=CARTESIAN_POINT('',(-3.463609953472E0,-2.619086014512E0,
-2.337944034916E0));
#1383=CARTESIAN_POINT('',(-3.371593236563E0,-2.672211890789E0,
-2.319674150963E0));
#1384=CARTESIAN_POINT('',(-3.276845544561E0,-2.726914496272E0,
-2.303599581463E0));
#1385=CARTESIAN_POINT('',(-3.179824951938E0,-2.782929361540E0,
-2.289654601915E0));
#1386=CARTESIAN_POINT('',(-3.080449213132E0,-2.840303971090E0,
-2.277677215661E0));
#1387=CARTESIAN_POINT('',(-2.978771945102E0,-2.899007369158E0,
-2.267521386329E0));
#1388=CARTESIAN_POINT('',(-2.874720539096E0,-2.959081476425E0,
-2.259024899164E0));
#1389=CARTESIAN_POINT('',(-2.768660694522E0,-3.020315156240E0,
-2.252056901227E0));
#1390=CARTESIAN_POINT('',(-2.661519675982E0,-3.082173052135E0,
-2.246489305839E0));
#1391=CARTESIAN_POINT('',(-2.553718739933E0,-3.144411951582E0,
-2.242142164636E0));
#1392=CARTESIAN_POINT('',(-2.445083487816E0,-3.207132543635E0,
-2.238830439569E0));
#1393=CARTESIAN_POINT('',(-2.335529485999E0,-3.270383576075E0,
-2.236405691179E0));
#1394=CARTESIAN_POINT('',(-2.224939468356E0,-3.334232752531E0,
-2.234750587374E0));
#1395=CARTESIAN_POINT('',(-2.113217673582E0,-3.398735360818E0,
-2.233783449475E0));
#1396=CARTESIAN_POINT('',(-2.037876675703E0,-3.442233506225E0,
-2.233568533426E0));
#1397=CARTESIAN_POINT('',(-2.E0,-3.464101615138E0,-2.233568533426E0));
#1399=CARTESIAN_POINT('',(-4.E0,0.E0,-2.233568533426E0));
#1400=CARTESIAN_POINT('',(-4.E0,-4.336079554072E-2,-2.233568533426E0));
#1401=CARTESIAN_POINT('',(-4.E0,-1.300102331745E-1,-2.233779517064E0));
#1402=CARTESIAN_POINT('',(-4.E0,-2.599211894813E-1,-2.234749929E0));
#1403=CARTESIAN_POINT('',(-4.E0,-3.893091696752E-1,-2.236431520961E0));
#1404=CARTESIAN_POINT('',(-4.E0,-5.178806592530E-1,-2.238914803070E0));
#1405=CARTESIAN_POINT('',(-4.E0,-6.452863125507E-1,-2.242317746938E0));
#1406=CARTESIAN_POINT('',(-4.E0,-7.712339607422E-1,-2.246780595994E0));
#1407=CARTESIAN_POINT('',(-4.E0,-8.954086039032E-1,-2.252456532209E0));
#1408=CARTESIAN_POINT('',(-4.E0,-1.017497910945E0,-2.259503460485E0));
#1409=CARTESIAN_POINT('',(-4.E0,-1.137161524084E0,-2.268071883749E0));
#1410=CARTESIAN_POINT('',(-4.E0,-1.254220885107E0,-2.278312144824E0));
#1411=CARTESIAN_POINT('',(-4.E0,-1.368479708201E0,-2.290360874831E0));
#1412=CARTESIAN_POINT('',(-4.E0,-1.479738643965E0,-2.304335118097E0));
#1413=CARTESIAN_POINT('',(-4.E0,-1.587811136719E0,-2.320329871875E0));
#1414=CARTESIAN_POINT('',(-4.E0,-1.692466892139E0,-2.338406741204E0));
#1415=CARTESIAN_POINT('',(-4.E0,-1.793332499535E0,-2.358559442877E0));
#1416=CARTESIAN_POINT('',(-4.E0,-1.890313378135E0,-2.380790683527E0));
#1417=CARTESIAN_POINT('',(-4.E0,-1.983421877081E0,-2.405106057912E0));
#1418=CARTESIAN_POINT('',(-4.E0,-2.072544135766E0,-2.431465105111E0));
#1419=CARTESIAN_POINT('',(-4.E0,-2.157015611517E0,-2.459596445598E0));
#1420=CARTESIAN_POINT('',(-4.E0,-2.236507678010E0,-2.489238662575E0));
#1421=CARTESIAN_POINT('',(-4.E0,-2.285694316211E0,-2.509655231761E0));
#1422=CARTESIAN_POINT('',(-4.E0,-2.309401076759E0,-2.52E0));
#1424=CARTESIAN_POINT('',(0.E0,0.E0,-2.233568533426E0));
#1425=DIRECTION('',(0.E0,0.E0,-1.E0));
#1426=DIRECTION('',(-5.E-1,-8.660254037844E-1,0.E0));
#1427=AXIS2_PLACEMENT_3D('',#1424,#1425,#1426);
#1429=CARTESIAN_POINT('',(-4.E0,2.309401076759E0,-2.52E0));
#1430=CARTESIAN_POINT('',(-4.E0,2.285285551261E0,-2.509476861601E0));
#1431=CARTESIAN_POINT('',(-4.E0,2.235337847268E0,-2.488764488817E0));
#1432=CARTESIAN_POINT('',(-4.E0,2.154871834212E0,-2.458831577918E0));
#1433=CARTESIAN_POINT('',(-4.E0,2.069643976573E0,-2.430549871088E0));
#1434=CARTESIAN_POINT('',(-4.E0,1.980012911564E0,-2.404157742976E0));
#1435=CARTESIAN_POINT('',(-4.E0,1.886677214495E0,-2.379902818347E0));
#1436=CARTESIAN_POINT('',(-4.E0,1.789536454431E0,-2.357746624448E0));
#1437=CARTESIAN_POINT('',(-4.E0,1.688066089345E0,-2.337584630836E0));
#1438=CARTESIAN_POINT('',(-4.E0,1.582463653905E0,-2.319471461216E0));
#1439=CARTESIAN_POINT('',(-4.E0,1.473689640562E0,-2.303510907699E0));
#1440=CARTESIAN_POINT('',(-4.E0,1.362066465380E0,-2.289625001468E0));
#1441=CARTESIAN_POINT('',(-4.E0,1.247549463959E0,-2.277673716756E0));
#1442=CARTESIAN_POINT('',(-4.E0,1.130200253231E0,-2.267522124324E0));
#1443=CARTESIAN_POINT('',(-4.E0,1.009937365558E0,-2.259017461406E0));
#1444=CARTESIAN_POINT('',(-4.E0,8.872398513606E-1,-2.252039198823E0));
#1445=CARTESIAN_POINT('',(-4.E0,7.633828379755E-1,-2.246470359654E0));
#1446=CARTESIAN_POINT('',(-4.E0,6.389277442447E-1,-2.242128574305E0));
#1447=CARTESIAN_POINT('',(-4.E0,5.135043522796E-1,-2.238820602520E0));
#1448=CARTESIAN_POINT('',(-4.E0,3.869638909723E-1,-2.236398123852E0));
#1449=CARTESIAN_POINT('',(-4.E0,2.592697929971E-1,-2.234745938939E0));
#1450=CARTESIAN_POINT('',(-4.E0,1.303752545043E-1,-2.233782045124E0));
#1451=CARTESIAN_POINT('',(-4.E0,4.359714728370E-2,-2.233568533426E0));
#1452=CARTESIAN_POINT('',(-4.E0,0.E0,-2.233568533426E0));
#1454=CARTESIAN_POINT('',(-2.E0,3.464101615138E0,-2.233568533426E0));
#1455=CARTESIAN_POINT('',(-2.038139317307E0,3.442081870024E0,
-2.233568533426E0));
#1456=CARTESIAN_POINT('',(-2.113968137363E0,3.398302080352E0,
-2.233786442578E0));
#1457=CARTESIAN_POINT('',(-2.226296402452E0,3.333449326265E0,
-2.234765313499E0));
#1458=CARTESIAN_POINT('',(-2.337406266891E0,3.269300016122E0,
-2.236439109142E0));
#1459=CARTESIAN_POINT('',(-2.447416086453E0,3.205785817184E0,
-2.238890229709E0));
#1460=CARTESIAN_POINT('',(-2.556475234149E0,3.142820488904E0,
-2.242237950288E0));
#1461=CARTESIAN_POINT('',(-2.664669134500E0,3.080354711412E0,
-2.246632620902E0));
#1462=CARTESIAN_POINT('',(-2.772157820038E0,3.018296089882E0,
-2.252260601123E0));
#1463=CARTESIAN_POINT('',(-2.878476815129E0,2.956912789446E0,
-2.259299908863E0));
#1464=CARTESIAN_POINT('',(-2.982696460969E0,2.896741548866E0,
-2.267876193138E0));
#1465=CARTESIAN_POINT('',(-3.084486758396E0,2.837972893245E0,
-2.278121088441E0));
#1466=CARTESIAN_POINT('',(-3.183912217386E0,2.780569577733E0,
-2.290194156239E0));
#1467=CARTESIAN_POINT('',(-3.280914411148E0,2.724565335052E0,
-2.304237234358E0));
#1468=CARTESIAN_POINT('',(-3.375577532749E0,2.669911556314E0,
-2.320408600795E0));
#1469=CARTESIAN_POINT('',(-3.467387264651E0,2.616905182886E0,
-2.338756255084E0));
#1470=CARTESIAN_POINT('',(-3.554886271687E0,2.566387607620E0,
-2.359013701727E0));
#1471=CARTESIAN_POINT('',(-3.637967921271E0,2.518420394868E0,
-2.381060324126E0));
#1472=CARTESIAN_POINT('',(-3.717665556894E0,2.472406943487E0,
-2.405107020171E0));
#1473=CARTESIAN_POINT('',(-3.794310013495E0,2.428156245837E0,
-2.431265452429E0));
#1474=CARTESIAN_POINT('',(-3.867281378198E0,2.386026208783E0,
-2.459292423993E0));
#1475=CARTESIAN_POINT('',(-3.936299154860E0,2.346178776848E0,
-2.488973059922E0));
#1476=CARTESIAN_POINT('',(-3.979242073390E0,2.321385671275E0,
-2.509540717513E0));
#1477=CARTESIAN_POINT('',(-4.E0,2.309401076759E0,-2.52E0));
#1479=CARTESIAN_POINT('',(0.E0,0.E0,-2.233568533426E0));
#1480=DIRECTION('',(0.E0,0.E0,-1.E0));
#1481=DIRECTION('',(-1.E0,0.E0,0.E0));
#1482=AXIS2_PLACEMENT_3D('',#1479,#1480,#1481);
#1484=CARTESIAN_POINT('',(4.E0,-2.309401076759E0,-2.52E0));
#1485=CARTESIAN_POINT('',(4.E0,-2.285285551261E0,-2.509476861601E0));
#1486=CARTESIAN_POINT('',(4.E0,-2.235337847268E0,-2.488764488817E0));
#1487=CARTESIAN_POINT('',(4.E0,-2.154871834212E0,-2.458831577918E0));
#1488=CARTESIAN_POINT('',(4.E0,-2.069643976572E0,-2.430549871088E0));
#1489=CARTESIAN_POINT('',(4.E0,-1.980012911564E0,-2.404157742976E0));
#1490=CARTESIAN_POINT('',(4.E0,-1.886677214495E0,-2.379902818347E0));
#1491=CARTESIAN_POINT('',(4.E0,-1.789536454431E0,-2.357746624448E0));
#1492=CARTESIAN_POINT('',(4.E0,-1.688066089344E0,-2.337584630836E0));
#1493=CARTESIAN_POINT('',(4.E0,-1.582463653905E0,-2.319471461216E0));
#1494=CARTESIAN_POINT('',(4.E0,-1.473689640561E0,-2.303510907699E0));
#1495=CARTESIAN_POINT('',(4.E0,-1.362066465380E0,-2.289625001467E0));
#1496=CARTESIAN_POINT('',(4.E0,-1.247549463959E0,-2.277673716756E0));
#1497=CARTESIAN_POINT('',(4.E0,-1.130200253231E0,-2.267522124324E0));
#1498=CARTESIAN_POINT('',(4.E0,-1.009937365557E0,-2.259017461406E0));
#1499=CARTESIAN_POINT('',(4.E0,-8.872398513605E-1,-2.252039198823E0));
#1500=CARTESIAN_POINT('',(4.E0,-7.633828379754E-1,-2.246470359654E0));
#1501=CARTESIAN_POINT('',(4.E0,-6.389277442446E-1,-2.242128574305E0));
#1502=CARTESIAN_POINT('',(4.E0,-5.135043522795E-1,-2.238820602520E0));
#1503=CARTESIAN_POINT('',(4.E0,-3.869638909723E-1,-2.236398123852E0));
#1504=CARTESIAN_POINT('',(4.E0,-2.592697929971E-1,-2.234745938939E0));
#1505=CARTESIAN_POINT('',(4.E0,-1.303752545044E-1,-2.233782045124E0));
#1506=CARTESIAN_POINT('',(4.E0,-4.359714728371E-2,-2.233568533426E0));
#1507=CARTESIAN_POINT('',(4.E0,0.E0,-2.233568533426E0));
#1509=CARTESIAN_POINT('',(2.E0,-3.464101615138E0,-2.233568533426E0));
#1510=CARTESIAN_POINT('',(2.038139317307E0,-3.442081870024E0,
-2.233568533426E0));
#1511=CARTESIAN_POINT('',(2.113968137363E0,-3.398302080352E0,
-2.233786442578E0));
#1512=CARTESIAN_POINT('',(2.226296402452E0,-3.333449326265E0,
-2.234765313499E0));
#1513=CARTESIAN_POINT('',(2.337406266891E0,-3.269300016122E0,
-2.236439109142E0));
#1514=CARTESIAN_POINT('',(2.447416086453E0,-3.205785817184E0,
-2.238890229709E0));
#1515=CARTESIAN_POINT('',(2.556475234149E0,-3.142820488904E0,
-2.242237950288E0));
#1516=CARTESIAN_POINT('',(2.664669134500E0,-3.080354711412E0,
-2.246632620902E0));
#1517=CARTESIAN_POINT('',(2.772157820038E0,-3.018296089882E0,
-2.252260601123E0));
#1518=CARTESIAN_POINT('',(2.878476815129E0,-2.956912789446E0,
-2.259299908863E0));
#1519=CARTESIAN_POINT('',(2.982696460969E0,-2.896741548865E0,
-2.267876193138E0));
#1520=CARTESIAN_POINT('',(3.084486758396E0,-2.837972893245E0,
-2.278121088441E0));
#1521=CARTESIAN_POINT('',(3.183912217386E0,-2.780569577733E0,
-2.290194156239E0));
#1522=CARTESIAN_POINT('',(3.280914411148E0,-2.724565335052E0,
-2.304237234358E0));
#1523=CARTESIAN_POINT('',(3.375577532749E0,-2.669911556314E0,
-2.320408600795E0));
#1524=CARTESIAN_POINT('',(3.467387264651E0,-2.616905182886E0,
-2.338756255084E0));
#1525=CARTESIAN_POINT('',(3.554886271687E0,-2.566387607620E0,
-2.359013701727E0));
#1526=CARTESIAN_POINT('',(3.637967921271E0,-2.518420394868E0,
-2.381060324126E0));
#1527=CARTESIAN_POINT('',(3.717665556894E0,-2.472406943487E0,
-2.405107020171E0));
#1528=CARTESIAN_POINT('',(3.794310013495E0,-2.428156245837E0,
-2.431265452429E0));
#1529=CARTESIAN_POINT('',(3.867281378198E0,-2.386026208782E0,
-2.459292423993E0));
#1530=CARTESIAN_POINT('',(3.936299154860E0,-2.346178776848E0,
-2.488973059922E0));
#1531=CARTESIAN_POINT('',(3.979242073390E0,-2.321385671275E0,
-2.509540717513E0));
#1532=CARTESIAN_POINT('',(4.E0,-2.309401076759E0,-2.52E0));
#1534=CARTESIAN_POINT('',(0.E0,0.E0,-2.233568533426E0));
#1535=DIRECTION('',(0.E0,0.E0,-1.E0));
#1536=DIRECTION('',(1.E0,0.E0,0.E0));
#1537=AXIS2_PLACEMENT_3D('',#1534,#1535,#1536);
#1539=CARTESIAN_POINT('',(3.818802153517E0,0.E0,-7.003333333333E0));
#1540=DIRECTION('',(0.E0,-1.E0,0.E0));
#1541=DIRECTION('',(0.E0,0.E0,-1.E0));
#1542=AXIS2_PLACEMENT_3D('',#1539,#1540,#1541);
#1544=CARTESIAN_POINT('',(-4.E0,-2.309401076759E0,-7.92E0));
#1545=CARTESIAN_POINT('',(-4.E0,-2.285285696079E0,-7.930523075206E0));
#1546=CARTESIAN_POINT('',(-4.E0,-2.235338316212E0,-7.951235319380E0));
#1547=CARTESIAN_POINT('',(-4.E0,-2.154872917212E0,-7.981168033314E0));
#1548=CARTESIAN_POINT('',(-4.E0,-2.069645744393E0,-8.009449568066E0));
#1549=CARTESIAN_POINT('',(-4.E0,-1.980015405191E0,-8.035841559705E0));
#1550=CARTESIAN_POINT('',(-4.E0,-1.886680412563E0,-8.060096396350E0));
#1551=CARTESIAN_POINT('',(-4.E0,-1.789540424662E0,-8.082252522231E0));
#1552=CARTESIAN_POINT('',(-4.E0,-1.688071135055E0,-8.102414427278E0));
#1553=CARTESIAN_POINT('',(-4.E0,-1.582469949569E0,-8.120527531278E0));
#1554=CARTESIAN_POINT('',(-4.E0,-1.473696872436E0,-8.136488110449E0));
#1555=CARTESIAN_POINT('',(-4.E0,-1.362074277925E0,-8.150374105536E0));
#1556=CARTESIAN_POINT('',(-4.E0,-1.247557743087E0,-8.162325494367E0));
#1557=CARTESIAN_POINT('',(-4.E0,-1.130209027020E0,-8.172477186273E0));
#1558=CARTESIAN_POINT('',(-4.E0,-1.009946982861E0,-8.180981924256E0));
#1559=CARTESIAN_POINT('',(-4.E0,-8.872502115952E-1,-8.187960276900E0));
#1560=CARTESIAN_POINT('',(-4.E0,-7.633922929194E-1,-8.193529272513E0));
#1561=CARTESIAN_POINT('',(-4.E0,-6.389343706652E-1,-8.197871233999E0));
#1562=CARTESIAN_POINT('',(-4.E0,-5.135074848336E-1,-8.201179335238E0));
#1563=CARTESIAN_POINT('',(-4.E0,-3.869637699648E-1,-8.203601883884E0));
#1564=CARTESIAN_POINT('',(-4.E0,-2.592674619801E-1,-8.205254087271E0));
#1565=CARTESIAN_POINT('',(-4.E0,-1.303724561135E-1,-8.206217967127E0));
#1566=CARTESIAN_POINT('',(-4.E0,-4.359593868141E-2,-8.206431466574E0));
#1567=CARTESIAN_POINT('',(-4.E0,0.E0,-8.206431466574E0));
#1569=CARTESIAN_POINT('',(0.E0,-4.618802153517E0,-7.92E0));
#1570=CARTESIAN_POINT('',(-2.098891806941E-2,-4.606684196020E0,
-7.930575671998E0));
#1571=CARTESIAN_POINT('',(-6.447874489971E-2,-4.581575332792E0,
-7.951394865148E0));
#1572=CARTESIAN_POINT('',(-1.345819543389E-1,-4.541101225951E0,
-7.981481585292E0));
#1573=CARTESIAN_POINT('',(-2.089135385847E-1,-4.498185865778E0,
-8.009918741989E0));
#1574=CARTESIAN_POINT('',(-2.871983780450E-1,-4.452988092642E0,
-8.036470471468E0));
#1575=CARTESIAN_POINT('',(-3.688602360262E-1,-4.405840596954E0,
-8.060883844154E0));
#1576=CARTESIAN_POINT('',(-4.536679595394E-1,-4.356876834954E0,
-8.083103485078E0));
#1577=CARTESIAN_POINT('',(-5.416224380616E-1,-4.306096293103E0,
-8.103162693377E0));
#1578=CARTESIAN_POINT('',(-6.327068680350E-1,-4.253508672939E0,
-8.121102347157E0));
#1579=CARTESIAN_POINT('',(-7.267364396410E-1,-4.199220674460E0,
-8.136953795613E0));
#1580=CARTESIAN_POINT('',(-8.234698746863E-1,-4.143371599697E0,
-8.150776346602E0));
#1581=CARTESIAN_POINT('',(-9.227287141356E-1,-4.086064482022E0,
-8.162669629617E0));
#1582=CARTESIAN_POINT('',(-1.024253696179E0,-4.027449006309E0,
-8.172749233953E0));
#1583=CARTESIAN_POINT('',(-1.127834722862E0,-3.967646472671E0,
-8.181158207143E0));
#1584=CARTESIAN_POINT('',(-1.233192075827E0,-3.906818376576E0,
-8.188048557283E0));
#1585=CARTESIAN_POINT('',(-1.340071470703E0,-3.845111529174E0,
-8.193583823353E0));
#1586=CARTESIAN_POINT('',(-1.448227360092E0,-3.782667697320E0,
-8.197927718928E0));
#1587=CARTESIAN_POINT('',(-1.557403527278E0,-3.719634807806E0,
-8.201235612425E0));
#1588=CARTESIAN_POINT('',(-1.667381779070E0,-3.656138834529E0,
-8.203648062196E0));
#1589=CARTESIAN_POINT('',(-1.777940241571E0,-3.592307876443E0,
-8.205282048223E0));
#1590=CARTESIAN_POINT('',(-1.888875879597E0,-3.528259155966E0,
-8.206225852179E0));
#1591=CARTESIAN_POINT('',(-1.999999749390E0,-3.464101759828E0,
-8.206534273072E0));
#1592=CARTESIAN_POINT('',(-2.111123619808E0,-3.399944363328E0,
-8.206225854977E0));
#1593=CARTESIAN_POINT('',(-2.222059260516E0,-3.335895641303E0,
-8.205282053955E0));
#1594=CARTESIAN_POINT('',(-2.332617719980E0,-3.272064684970E0,
-8.203648071302E0));
#1595=CARTESIAN_POINT('',(-2.442595976531E0,-3.208568708946E0,
-8.201235625273E0));
#1596=CARTESIAN_POINT('',(-2.551772140450E0,-3.145535821318E0,
-8.197927736349E0));
#1597=CARTESIAN_POINT('',(-2.659928025943E0,-3.083091991714E0,
-8.193583846352E0));
#1598=CARTESIAN_POINT('',(-2.766807433073E0,-3.021385137236E0,
-8.188048585875E0));
#1599=CARTESIAN_POINT('',(-2.872164784045E0,-2.960557042292E0,
-8.181158243122E0));
#1600=CARTESIAN_POINT('',(-2.975745837140E0,-2.900754493404E0,-8.172749276E0));
#1601=CARTESIAN_POINT('',(-3.077270835797E0,-2.842139008100E0,
-8.162669678737E0));
#1602=CARTESIAN_POINT('',(-3.176529685606E0,-2.784831884444E0,
-8.150776404277E0));
#1603=CARTESIAN_POINT('',(-3.273263141940E0,-2.728982797389E0,
-8.136953860523E0));
#1604=CARTESIAN_POINT('',(-3.367292718434E0,-2.674694796089E0,
-8.121102422913E0));
#1605=CARTESIAN_POINT('',(-3.458377226758E0,-2.622107130689E0,
-8.103162764957E0));
#1606=CARTESIAN_POINT('',(-3.546331723314E0,-2.571326578426E0,
-8.083103562635E0));
#1607=CARTESIAN_POINT('',(-3.631139445808E0,-2.522362817014E0,
-8.060883932686E0));
#1608=CARTESIAN_POINT('',(-3.712801268822E0,-2.475215341515E0,
-8.036470584053E0));
#1609=CARTESIAN_POINT('',(-3.791086200331E0,-2.430017515235E0,
-8.009918837754E0));
#1610=CARTESIAN_POINT('',(-3.865417912200E0,-2.387102081378E0,
-7.981481641276E0));
#1611=CARTESIAN_POINT('',(-3.935521231300E0,-2.346627911224E0,
-7.951394877170E0));
#1612=CARTESIAN_POINT('',(-3.979011079936E0,-2.321519035407E0,
-7.930575673003E0));
#1613=CARTESIAN_POINT('',(-4.E0,-2.309401076759E0,-7.92E0));
#1615=CARTESIAN_POINT('',(4.E0,-2.309401076759E0,-7.92E0));
#1616=CARTESIAN_POINT('',(3.979011081931E0,-2.321519034256E0,
-7.930575671998E0));
#1617=CARTESIAN_POINT('',(3.935521255100E0,-2.346627897483E0,
-7.951394865148E0));
#1618=CARTESIAN_POINT('',(3.865418045661E0,-2.387102004324E0,
-7.981481585292E0));
#1619=CARTESIAN_POINT('',(3.791086461415E0,-2.430017364498E0,
-8.009918741989E0));
#1620=CARTESIAN_POINT('',(3.712801621955E0,-2.475215137634E0,
-8.036470471468E0));
#1621=CARTESIAN_POINT('',(3.631139763974E0,-2.522362633322E0,
-8.060883844154E0));
#1622=CARTESIAN_POINT('',(3.546332040461E0,-2.571326395321E0,
-8.083103485078E0));
#1623=CARTESIAN_POINT('',(3.458377561938E0,-2.622106937172E0,
-8.103162693377E0));
#1624=CARTESIAN_POINT('',(3.367293131965E0,-2.674694557337E0,
-8.121102347157E0));
#1625=CARTESIAN_POINT('',(3.273263560359E0,-2.728982555815E0,
-8.136953795613E0));
#1626=CARTESIAN_POINT('',(3.176530125314E0,-2.784831630578E0,
-8.150776346602E0));
#1627=CARTESIAN_POINT('',(3.077271285864E0,-2.842138748254E0,
-8.162669629617E0));
#1628=CARTESIAN_POINT('',(2.975746303821E0,-2.900754223966E0,
-8.172749233953E0));
#1629=CARTESIAN_POINT('',(2.872165277138E0,-2.960556757604E0,
-8.181158207143E0));
#1630=CARTESIAN_POINT('',(2.766807924173E0,-3.021384853700E0,
-8.188048557283E0));
#1631=CARTESIAN_POINT('',(2.659928529297E0,-3.083091701102E0,
-8.193583823353E0));
#1632=CARTESIAN_POINT('',(2.551772639908E0,-3.145535532956E0,
-8.197927718928E0));
#1633=CARTESIAN_POINT('',(2.442596472722E0,-3.208568422469E0,
-8.201235612425E0));
#1634=CARTESIAN_POINT('',(2.332618220930E0,-3.272064395746E0,
-8.203648062196E0));
#1635=CARTESIAN_POINT('',(2.222059758429E0,-3.335895353833E0,
-8.205282048223E0));
#1636=CARTESIAN_POINT('',(2.111124120403E0,-3.399944074309E0,
-8.206225852179E0));
#1637=CARTESIAN_POINT('',(2.000000250610E0,-3.464101470448E0,
-8.206534273072E0));
#1638=CARTESIAN_POINT('',(1.888876380192E0,-3.528258866947E0,
-8.206225854977E0));
#1639=CARTESIAN_POINT('',(1.777940739484E0,-3.592307588972E0,
-8.205282053955E0));
#1640=CARTESIAN_POINT('',(1.667382280020E0,-3.656138545306E0,
-8.203648071302E0));
#1641=CARTESIAN_POINT('',(1.557404023469E0,-3.719634521330E0,
-8.201235625273E0));
#1642=CARTESIAN_POINT('',(1.448227859550E0,-3.782667408958E0,
-8.197927736349E0));
#1643=CARTESIAN_POINT('',(1.340071974057E0,-3.845111238562E0,
-8.193583846352E0));
#1644=CARTESIAN_POINT('',(1.233192566927E0,-3.906818093039E0,
-8.188048585875E0));
#1645=CARTESIAN_POINT('',(1.127835215955E0,-3.967646187984E0,
-8.181158243122E0));
#1646=CARTESIAN_POINT('',(1.024254162860E0,-4.027448736871E0,-8.172749276E0));
#1647=CARTESIAN_POINT('',(9.227291642032E-1,-4.086064222175E0,
-8.162669678737E0));
#1648=CARTESIAN_POINT('',(8.234703143944E-1,-4.143371345832E0,
-8.150776404277E0));
#1649=CARTESIAN_POINT('',(7.267368580600E-1,-4.199220432886E0,
-8.136953860523E0));
#1650=CARTESIAN_POINT('',(6.327072815665E-1,-4.253508434186E0,
-8.121102422913E0));
#1651=CARTESIAN_POINT('',(5.416227732420E-1,-4.306096099587E0,
-8.103162764957E0));
#1652=CARTESIAN_POINT('',(4.536682766856E-1,-4.356876651850E0,
-8.083103562635E0));
#1653=CARTESIAN_POINT('',(3.688605541916E-1,-4.405840413261E0,
-8.060883932686E0));
#1654=CARTESIAN_POINT('',(2.871987311780E-1,-4.452987888760E0,
-8.036470584053E0));
#1655=CARTESIAN_POINT('',(2.089137996692E-1,-4.498185715041E0,
-8.009918837754E0));
#1656=CARTESIAN_POINT('',(1.345820878004E-1,-4.541101148897E0,
-7.981481641276E0));
#1657=CARTESIAN_POINT('',(6.447876869991E-2,-4.581575319051E0,
-7.951394877170E0));
#1658=CARTESIAN_POINT('',(2.098892006374E-2,-4.606684194868E0,
-7.930575673003E0));
#1659=CARTESIAN_POINT('',(0.E0,-4.618802153517E0,-7.92E0));
#1661=CARTESIAN_POINT('',(4.E0,0.E0,-8.206431466574E0));
#1662=CARTESIAN_POINT('',(4.E0,-4.336079554071E-2,-8.206431466574E0));
#1663=CARTESIAN_POINT('',(4.E0,-1.300102331745E-1,-8.206220482936E0));
#1664=CARTESIAN_POINT('',(4.E0,-2.599211894813E-1,-8.205250071E0));
#1665=CARTESIAN_POINT('',(4.E0,-3.893091696752E-1,-8.203568479039E0));
#1666=CARTESIAN_POINT('',(4.E0,-5.178806592530E-1,-8.201085196930E0));
#1667=CARTESIAN_POINT('',(4.E0,-6.452863125506E-1,-8.197682253062E0));
#1668=CARTESIAN_POINT('',(4.E0,-7.712339607421E-1,-8.193219404006E0));
#1669=CARTESIAN_POINT('',(4.E0,-8.954086039031E-1,-8.187543467791E0));
#1670=CARTESIAN_POINT('',(4.E0,-1.017497910945E0,-8.180496539515E0));
#1671=CARTESIAN_POINT('',(4.E0,-1.137161524084E0,-8.171928116251E0));
#1672=CARTESIAN_POINT('',(4.E0,-1.254220885107E0,-8.161687855176E0));
#1673=CARTESIAN_POINT('',(4.E0,-1.368479708201E0,-8.149639125169E0));
#1674=CARTESIAN_POINT('',(4.E0,-1.479738643965E0,-8.135664881903E0));
#1675=CARTESIAN_POINT('',(4.E0,-1.587811136719E0,-8.119670128125E0));
#1676=CARTESIAN_POINT('',(4.E0,-1.692466892139E0,-8.101593258796E0));
#1677=CARTESIAN_POINT('',(4.E0,-1.793332499535E0,-8.081440557123E0));
#1678=CARTESIAN_POINT('',(4.E0,-1.890313378135E0,-8.059209316473E0));
#1679=CARTESIAN_POINT('',(4.E0,-1.983421877081E0,-8.034893942088E0));
#1680=CARTESIAN_POINT('',(4.E0,-2.072544135766E0,-8.008534894889E0));
#1681=CARTESIAN_POINT('',(4.E0,-2.157015611517E0,-7.980403554402E0));
#1682=CARTESIAN_POINT('',(4.E0,-2.236507678010E0,-7.950761337425E0));
#1683=CARTESIAN_POINT('',(4.E0,-2.285694316211E0,-7.930344768239E0));
#1684=CARTESIAN_POINT('',(4.E0,-2.309401076759E0,-7.92E0));
#1686=CARTESIAN_POINT('',(1.35E1,0.E0,-1.272E1));
#1687=DIRECTION('',(1.E0,0.E0,0.E0));
#1688=DIRECTION('',(0.E0,0.E0,1.E0));
#1689=AXIS2_PLACEMENT_3D('',#1686,#1687,#1688);
#1691=CARTESIAN_POINT('',(1.35E1,0.E0,-9.449128784748E0));
#1692=DIRECTION('',(0.E0,-1.E0,0.E0));
#1693=DIRECTION('',(9.090909090909E-1,0.E0,4.165977904506E-1));
#1694=AXIS2_PLACEMENT_3D('',#1691,#1692,#1693);
#1696=CARTESIAN_POINT('',(1.4E1,0.E0,-1.272E1));
#1697=DIRECTION('',(-1.E0,0.E0,0.E0));
#1698=DIRECTION('',(0.E0,0.E0,-1.E0));
#1699=AXIS2_PLACEMENT_3D('',#1696,#1697,#1698);
#1701=CARTESIAN_POINT('',(9.E0,0.E0,-1.622E1));
#1702=CARTESIAN_POINT('',(9.E0,0.E0,-9.22E0));
#1703=VERTEX_POINT('',#1701);
#1704=VERTEX_POINT('',#1702);
#1705=CARTESIAN_POINT('',(8.566987298108E0,0.E0,-1.647E1));
#1706=CARTESIAN_POINT('',(8.566987298108E0,0.E0,-8.97E0));
#1707=VERTEX_POINT('',#1705);
#1708=VERTEX_POINT('',#1706);
#1709=CARTESIAN_POINT('',(5.628421369032E0,0.E0,-1.740322660520E1));
#1710=CARTESIAN_POINT('',(5.628421369032E0,0.E0,-8.036773394797E0));
#1711=VERTEX_POINT('',#1709);
#1712=VERTEX_POINT('',#1710);
#1713=CARTESIAN_POINT('',(8.262395965248E0,0.E0,-1.670322660520E1));
#1714=VERTEX_POINT('',#1713);
#1715=CARTESIAN_POINT('',(5.5E0,0.E0,-1.742E1));
#1716=VERTEX_POINT('',#1715);
#1717=CARTESIAN_POINT('',(1.4E1,0.E0,-9.22E0));
#1718=CARTESIAN_POINT('',(1.4E1,0.E0,-1.622E1));
#1719=VERTEX_POINT('',#1717);
#1720=VERTEX_POINT('',#1718);
#1721=CARTESIAN_POINT('',(5.5E0,0.E0,-8.02E0));
#1722=VERTEX_POINT('',#1721);
#1723=CARTESIAN_POINT('',(8.262395965248E0,0.E0,-8.736773394797E0));
#1724=VERTEX_POINT('',#1723);
#1725=CARTESIAN_POINT('',(5.E0,0.E0,-8.02E0));
#1726=VERTEX_POINT('',#1725);
#1727=CARTESIAN_POINT('',(5.E0,0.E0,-1.742E1));
#1728=VERTEX_POINT('',#1727);
#1729=CARTESIAN_POINT('',(4.55E1,0.E0,-9.22E0));
#1730=CARTESIAN_POINT('',(4.9E1,0.E0,-1.272E1));
#1731=VERTEX_POINT('',#1729);
#1732=VERTEX_POINT('',#1730);
#1733=CARTESIAN_POINT('',(4.55E1,0.E0,-1.622E1));
#1734=VERTEX_POINT('',#1733);
#1735=CARTESIAN_POINT('',(0.E0,3.4E0,-8.22E0));
#1736=CARTESIAN_POINT('',(0.E0,3.4E0,-9.22E0));
#1737=VERTEX_POINT('',#1735);
#1738=VERTEX_POINT('',#1736);
#1739=CARTESIAN_POINT('',(-3.5E0,-3.5E0,-1.187738502268E1));
#1740=CARTESIAN_POINT('',(-3.5E0,-8.426149773176E-1,-9.22E0));
#1741=VERTEX_POINT('',#1739);
#1742=VERTEX_POINT('',#1740);
#1743=VERTEX_POINT('',#818);
#1744=VERTEX_POINT('',#1314);
#1745=VERTEX_POINT('',#1337);
#1746=CARTESIAN_POINT('',(3.818802153517E0,0.E0,-8.22E0));
#1747=CARTESIAN_POINT('',(4.E0,0.E0,-8.206431466574E0));
#1748=VERTEX_POINT('',#1746);
#1749=VERTEX_POINT('',#1747);
#1750=CARTESIAN_POINT('',(-2.E0,-3.464101615138E0,-2.233568533426E0));
#1751=CARTESIAN_POINT('',(-4.E0,0.E0,-2.233568533426E0));
#1752=VERTEX_POINT('',#1750);
#1753=VERTEX_POINT('',#1751);
#1754=CARTESIAN_POINT('',(-3.5E0,3.5E0,-1.187738502268E1));
#1755=CARTESIAN_POINT('',(-3.5E0,3.5E0,-1.356261497732E1));
#1756=VERTEX_POINT('',#1754);
#1757=VERTEX_POINT('',#1755);
#1758=VERTEX_POINT('',#1104);
#1759=VERTEX_POINT('',#1127);
#1760=VERTEX_POINT('',#1484);
#1761=CARTESIAN_POINT('',(-3.5E0,-3.5E0,-1.356261497732E1));
#1762=VERTEX_POINT('',#1761);
#1763=VERTEX_POINT('',#1429);
#1764=CARTESIAN_POINT('',(3.5E0,-3.5E0,-1.272E1));
#1765=CARTESIAN_POINT('',(3.5E0,0.E0,-9.22E0));
#1766=VERTEX_POINT('',#1764);
#1767=VERTEX_POINT('',#1765);
#1768=CARTESIAN_POINT('',(-3.5E0,-8.426149773176E-1,-1.622E1));
#1769=VERTEX_POINT('',#1768);
#1770=VERTEX_POINT('',#430);
#1771=VERTEX_POINT('',#454);
#1772=VERTEX_POINT('',#1569);
#1773=VERTEX_POINT('',#1613);
#1774=VERTEX_POINT('',#792);
#1775=VERTEX_POINT('',#1138);
#1776=VERTEX_POINT('',#1161);
#1777=CARTESIAN_POINT('',(0.E0,4.E0,1.776356839400E-14));
#1778=CARTESIAN_POINT('',(0.E0,-4.E0,1.776356839400E-14));
#1779=VERTEX_POINT('',#1777);
#1780=VERTEX_POINT('',#1778);
#1781=CARTESIAN_POINT('',(4.E0,2.309401076759E0,-7.92E0));
#1782=VERTEX_POINT('',#1781);
#1783=VERTEX_POINT('',#348);
#1784=VERTEX_POINT('',#372);
#1785=CARTESIAN_POINT('',(0.E0,-3.4E0,-9.22E0));
#1786=VERTEX_POINT('',#1785);
#1787=VERTEX_POINT('',#1163);
#1788=CARTESIAN_POINT('',(0.E0,4.618802153517E0,-7.92E0));
#1789=VERTEX_POINT('',#1788);
#1790=VERTEX_POINT('',#664);
#1791=VERTEX_POINT('',#688);
#1792=CARTESIAN_POINT('',(3.5E0,3.5E0,-1.272E1));
#1793=VERTEX_POINT('',#1792);
#1794=VERTEX_POINT('',#1684);
#1795=CARTESIAN_POINT('',(-3.818802153517E0,0.E0,-8.22E0));
#1796=VERTEX_POINT('',#1795);
#1797=VERTEX_POINT('',#714);
#1798=VERTEX_POINT('',#1422);
#1799=CARTESIAN_POINT('',(0.E0,-3.4E0,-8.22E0));
#1800=VERTEX_POINT('',#1799);
#1801=CARTESIAN_POINT('',(3.5E0,-3.5E0,-1.356261497732E1));
#1802=VERTEX_POINT('',#1801);
#1803=VERTEX_POINT('',#1567);
#1804=CARTESIAN_POINT('',(0.E0,4.E0,-2.233568533426E0));
#1805=VERTEX_POINT('',#1804);
#1806=CARTESIAN_POINT('',(3.2E0,3.5E0,-1.622E1));
#1807=VERTEX_POINT('',#1806);
#1808=CARTESIAN_POINT('',(3.5E0,8.426149773155E-1,-1.622E1));
#1809=CARTESIAN_POINT('',(3.5E0,0.E0,-1.622E1));
#1810=VERTEX_POINT('',#1808);
#1811=VERTEX_POINT('',#1809);
#1812=CARTESIAN_POINT('',(0.E0,-4.E0,-2.233568533426E0));
#1813=VERTEX_POINT('',#1812);
#1814=VERTEX_POINT('',#480);
#1815=VERTEX_POINT('',#766);
#1816=CARTESIAN_POINT('',(3.5E0,-8.426149773176E-1,-1.622E1));
#1817=VERTEX_POINT('',#1816);
#1818=CARTESIAN_POINT('',(3.2E0,-3.5E0,-1.622E1));
#1819=VERTEX_POINT('',#1818);
#1820=VERTEX_POINT('',#374);
#1821=CARTESIAN_POINT('',(-4.E0,2.309401076759E0,-7.92E0));
#1822=VERTEX_POINT('',#1821);
#1823=CARTESIAN_POINT('',(3.5E0,3.5E0,-1.356261497732E1));
#1824=VERTEX_POINT('',#1823);
#1825=CARTESIAN_POINT('',(5.E0,-3.5E0,-1.272E1));
#1826=CARTESIAN_POINT('',(5.E0,3.5E0,-1.272E1));
#1827=VERTEX_POINT('',#1825);
#1828=VERTEX_POINT('',#1826);
#1829=CARTESIAN_POINT('',(0.E0,5.E-2,-6.5E0));
#1830=CARTESIAN_POINT('',(0.E0,-5.E-2,-6.5E0));
#1831=VERTEX_POINT('',#1829);
#1832=VERTEX_POINT('',#1830);
#1833=CARTESIAN_POINT('',(0.E0,2.295E0,-6.5E0));
#1834=CARTESIAN_POINT('',(0.E0,-2.295E0,-6.5E0));
#1835=VERTEX_POINT('',#1833);
#1836=VERTEX_POINT('',#1834);
#1837=CARTESIAN_POINT('',(0.E0,-2.812783411852E-2,-6.75E0));
#1838=CARTESIAN_POINT('',(0.E0,2.812783411852E-2,-6.75E0));
#1839=VERTEX_POINT('',#1837);
#1840=VERTEX_POINT('',#1838);
#1841=CARTESIAN_POINT('',(0.E0,-2.295E0,-6.75E0));
#1842=CARTESIAN_POINT('',(0.E0,2.295E0,-6.75E0));
#1843=VERTEX_POINT('',#1841);
#1844=VERTEX_POINT('',#1842);
#1845=CARTESIAN_POINT('',(9.5E0,0.E0,-8.899128784748E0));
#1846=CARTESIAN_POINT('',(9.5E0,0.E0,-1.654087121525E1));
#1847=VERTEX_POINT('',#1845);
#1848=VERTEX_POINT('',#1846);
#1849=CARTESIAN_POINT('',(1.35E1,0.E0,-1.654087121525E1));
#1850=CARTESIAN_POINT('',(1.35E1,0.E0,-8.899128784748E0));
#1851=VERTEX_POINT('',#1849);
#1852=VERTEX_POINT('',#1850);
#1853=CARTESIAN_POINT('',(-2.68E0,0.E0,-6.75E0));
#1854=CARTESIAN_POINT('',(2.68E0,0.E0,-6.75E0));
#1855=VERTEX_POINT('',#1853);
#1856=VERTEX_POINT('',#1854);
#1857=CARTESIAN_POINT('',(-2.68E0,0.E0,-2.E-1));
#1858=CARTESIAN_POINT('',(2.68E0,0.E0,-2.E-1));
#1859=VERTEX_POINT('',#1857);
#1860=VERTEX_POINT('',#1858);
#1861=CARTESIAN_POINT('',(-2.88E0,0.E0,0.E0));
#1862=CARTESIAN_POINT('',(2.88E0,0.E0,0.E0));
#1863=VERTEX_POINT('',#1861);
#1864=VERTEX_POINT('',#1862);
#1865=CARTESIAN_POINT('',(4.55E1,0.E0,-1.272E1));
#1866=DIRECTION('',(0.E0,0.E0,1.E0));
#1867=DIRECTION('',(0.E0,-1.E0,0.E0));
#1868=AXIS2_PLACEMENT_3D('',#1865,#1866,#1867);
#1869=SPHERICAL_SURFACE('',#1868,3.5E0);
#1871=ORIENTED_EDGE('',*,*,#1870,.F.);
#1873=ORIENTED_EDGE('',*,*,#1872,.F.);
#1875=ORIENTED_EDGE('',*,*,#1874,.T.);
#1876=EDGE_LOOP('',(#1871,#1873,#1875));
#1877=FACE_OUTER_BOUND('',#1876,.F.);
#1879=CARTESIAN_POINT('',(4.55E1,0.E0,-1.272E1));
#1880=DIRECTION('',(0.E0,0.E0,-1.E0));
#1881=DIRECTION('',(0.E0,1.E0,0.E0));
#1882=AXIS2_PLACEMENT_3D('',#1879,#1880,#1881);
#1883=SPHERICAL_SURFACE('',#1882,3.5E0);
#1884=ORIENTED_EDGE('',*,*,#1874,.F.);
#1886=ORIENTED_EDGE('',*,*,#1885,.F.);
#1887=ORIENTED_EDGE('',*,*,#1870,.T.);
#1888=EDGE_LOOP('',(#1884,#1886,#1887));
#1889=FACE_OUTER_BOUND('',#1888,.F.);
#1891=CARTESIAN_POINT('',(5.E0,0.E0,-1.272E1));
#1892=DIRECTION('',(-1.E0,0.E0,0.E0));
#1893=DIRECTION('',(0.E0,0.E0,1.E0));
#1894=AXIS2_PLACEMENT_3D('',#1891,#1892,#1893);
#1895=CYLINDRICAL_SURFACE('',#1894,3.5E0);
#1897=ORIENTED_EDGE('',*,*,#1896,.F.);
#1899=ORIENTED_EDGE('',*,*,#1898,.T.);
#1901=ORIENTED_EDGE('',*,*,#1900,.F.);
#1902=ORIENTED_EDGE('',*,*,#1885,.T.);
#1903=EDGE_LOOP('',(#1897,#1899,#1901,#1902));
#1904=FACE_OUTER_BOUND('',#1903,.F.);
#1906=CARTESIAN_POINT('',(5.E0,0.E0,-1.272E1));
#1907=DIRECTION('',(-1.E0,0.E0,0.E0));
#1908=DIRECTION('',(0.E0,0.E0,1.E0));
#1909=AXIS2_PLACEMENT_3D('',#1906,#1907,#1908);
#1910=CYLINDRICAL_SURFACE('',#1909,3.5E0);
#1911=ORIENTED_EDGE('',*,*,#1900,.T.);
#1913=ORIENTED_EDGE('',*,*,#1912,.T.);
#1914=ORIENTED_EDGE('',*,*,#1896,.T.);
#1915=ORIENTED_EDGE('',*,*,#1872,.T.);
#1916=EDGE_LOOP('',(#1911,#1913,#1914,#1915));
#1917=FACE_OUTER_BOUND('',#1916,.F.);
#1919=CARTESIAN_POINT('',(1.35E1,0.E0,-1.272E1));
#1920=DIRECTION('',(1.E0,0.E0,0.E0));
#1921=DIRECTION('',(0.E0,0.E0,-1.E0));
#1922=AXIS2_PLACEMENT_3D('',#1919,#1920,#1921);
#1923=TOROIDAL_SURFACE('',#1922,3.270871215252E0,5.5E-1);
#1925=ORIENTED_EDGE('',*,*,#1924,.F.);
#1927=ORIENTED_EDGE('',*,*,#1926,.F.);
#1928=ORIENTED_EDGE('',*,*,#1912,.F.);
#1930=ORIENTED_EDGE('',*,*,#1929,.T.);
#1931=EDGE_LOOP('',(#1925,#1927,#1928,#1930));
#1932=FACE_OUTER_BOUND('',#1931,.F.);
#1934=CARTESIAN_POINT('',(1.37E1,0.E0,-1.272E1));
#1935=DIRECTION('',(-1.E0,0.E0,0.E0));
#1936=DIRECTION('',(0.E0,0.E0,-1.E0));
#1937=AXIS2_PLACEMENT_3D('',#1934,#1935,#1936);
#1938=CYLINDRICAL_SURFACE('',#1937,3.820871215252E0);
#1940=ORIENTED_EDGE('',*,*,#1939,.T.);
#1942=ORIENTED_EDGE('',*,*,#1941,.F.);
#1944=ORIENTED_EDGE('',*,*,#1943,.T.);
#1945=ORIENTED_EDGE('',*,*,#1924,.T.);
#1946=EDGE_LOOP('',(#1940,#1942,#1944,#1945));
#1947=FACE_OUTER_BOUND('',#1946,.F.);
#1949=CARTESIAN_POINT('',(1.37E1,0.E0,-1.272E1));
#1950=DIRECTION('',(-1.E0,0.E0,0.E0));
#1951=DIRECTION('',(0.E0,0.E0,-1.E0));
#1952=AXIS2_PLACEMENT_3D('',#1949,#1950,#1951);
#1953=CYLINDRICAL_SURFACE('',#1952,3.820871215252E0);
#1954=ORIENTED_EDGE('',*,*,#1943,.F.);
#1956=ORIENTED_EDGE('',*,*,#1955,.F.);
#1957=ORIENTED_EDGE('',*,*,#1939,.F.);
#1959=ORIENTED_EDGE('',*,*,#1958,.T.);
#1960=EDGE_LOOP('',(#1954,#1956,#1957,#1959));
#1961=FACE_OUTER_BOUND('',#1960,.F.);
#1963=CARTESIAN_POINT('',(9.5E0,0.E0,-1.272E1));
#1964=DIRECTION('',(1.E0,0.E0,0.E0));
#1965=DIRECTION('',(0.E0,0.E0,-1.E0));
#1966=AXIS2_PLACEMENT_3D('',#1963,#1964,#1965);
#1967=TOROIDAL_SURFACE('',#1966,3.270871215252E0,5.5E-1);
#1968=ORIENTED_EDGE('',*,*,#1955,.T.);
#1970=ORIENTED_EDGE('',*,*,#1969,.T.);
#1972=ORIENTED_EDGE('',*,*,#1971,.T.);
#1974=ORIENTED_EDGE('',*,*,#1973,.F.);
#1975=EDGE_LOOP('',(#1968,#1970,#1972,#1974));
#1976=FACE_OUTER_BOUND('',#1975,.F.);
#1978=CARTESIAN_POINT('',(9.5E0,0.E0,-1.272E1));
#1979=DIRECTION('',(1.E0,0.E0,0.E0));
#1980=DIRECTION('',(0.E0,0.E0,-1.E0));
#1981=AXIS2_PLACEMENT_3D('',#1978,#1979,#1980);
#1982=TOROIDAL_SURFACE('',#1981,3.270871215252E0,5.5E-1);
#1983=ORIENTED_EDGE('',*,*,#1941,.T.);
#1984=ORIENTED_EDGE('',*,*,#1973,.T.);
#1986=ORIENTED_EDGE('',*,*,#1985,.T.);
#1987=ORIENTED_EDGE('',*,*,#1969,.F.);
#1988=EDGE_LOOP('',(#1983,#1984,#1986,#1987));
#1989=FACE_OUTER_BOUND('',#1988,.F.);
#1991=CARTESIAN_POINT('',(9.E0,0.E0,-1.272E1));
#1992=DIRECTION('',(-1.E0,0.E0,0.E0));
#1993=DIRECTION('',(0.E0,0.E0,1.E0));
#1994=AXIS2_PLACEMENT_3D('',#1991,#1992,#1993);
#1995=TOROIDAL_SURFACE('',#1994,4.E0,5.E-1);
#1997=ORIENTED_EDGE('',*,*,#1996,.F.);
#1998=ORIENTED_EDGE('',*,*,#1985,.F.);
#2000=ORIENTED_EDGE('',*,*,#1999,.T.);
#2002=ORIENTED_EDGE('',*,*,#2001,.F.);
#2003=EDGE_LOOP('',(#1997,#1998,#2000,#2002));
#2004=FACE_OUTER_BOUND('',#2003,.F.);
#2006=CARTESIAN_POINT('',(9.E0,0.E0,-1.272E1));
#2007=DIRECTION('',(-1.E0,0.E0,0.E0));
#2008=DIRECTION('',(0.E0,0.E0,1.E0));
#2009=AXIS2_PLACEMENT_3D('',#2006,#2007,#2008);
#2010=TOROIDAL_SURFACE('',#2009,4.E0,5.E-1);
#2012=ORIENTED_EDGE('',*,*,#2011,.F.);
#2013=ORIENTED_EDGE('',*,*,#1999,.F.);
#2014=ORIENTED_EDGE('',*,*,#1971,.F.);
#2015=ORIENTED_EDGE('',*,*,#1996,.T.);
#2016=EDGE_LOOP('',(#2012,#2013,#2014,#2015));
#2017=FACE_OUTER_BOUND('',#2016,.F.);
#2019=CARTESIAN_POINT('',(8.133974596216E0,0.E0,-1.272E1));
#2020=DIRECTION('',(-1.E0,0.E0,0.E0));
#2021=DIRECTION('',(0.E0,0.E0,1.E0));
#2022=AXIS2_PLACEMENT_3D('',#2019,#2020,#2021);
#2023=TOROIDAL_SURFACE('',#2022,3.5E0,5.E-1);
#2025=ORIENTED_EDGE('',*,*,#2024,.F.);
#2027=ORIENTED_EDGE('',*,*,#2026,.F.);
#2029=ORIENTED_EDGE('',*,*,#2028,.T.);
#2030=ORIENTED_EDGE('',*,*,#2011,.T.);
#2031=EDGE_LOOP('',(#2025,#2027,#2029,#2030));
#2032=FACE_OUTER_BOUND('',#2031,.F.);
#2034=CARTESIAN_POINT('',(8.133974596216E0,0.E0,-1.272E1));
#2035=DIRECTION('',(-1.E0,0.E0,0.E0));
#2036=DIRECTION('',(0.E0,0.E0,1.E0));
#2037=AXIS2_PLACEMENT_3D('',#2034,#2035,#2036);
#2038=TOROIDAL_SURFACE('',#2037,3.5E0,5.E-1);
#2039=ORIENTED_EDGE('',*,*,#2001,.T.);
#2040=ORIENTED_EDGE('',*,*,#2028,.F.);
#2042=ORIENTED_EDGE('',*,*,#2041,.F.);
#2043=ORIENTED_EDGE('',*,*,#2024,.T.);
#2044=EDGE_LOOP('',(#2039,#2040,#2042,#2043));
#2045=FACE_OUTER_BOUND('',#2044,.F.);
#2047=CARTESIAN_POINT('',(6.945408667140E0,0.E0,-1.272E1));
#2048=DIRECTION('',(-1.E0,0.E0,0.E0));
#2049=DIRECTION('',(0.E0,0.E0,1.E0));
#2050=AXIS2_PLACEMENT_3D('',#2047,#2048,#2049);
#2051=CONICAL_SURFACE('',#2050,4.333226605203E0,1.488280351766E1);
#2052=ORIENTED_EDGE('',*,*,#2041,.T.);
#2054=ORIENTED_EDGE('',*,*,#2053,.F.);
#2056=ORIENTED_EDGE('',*,*,#2055,.T.);
#2058=ORIENTED_EDGE('',*,*,#2057,.T.);
#2059=EDGE_LOOP('',(#2052,#2054,#2056,#2058));
#2060=FACE_OUTER_BOUND('',#2059,.F.);
#2062=CARTESIAN_POINT('',(6.945408667140E0,0.E0,-1.272E1));
#2063=DIRECTION('',(-1.E0,0.E0,0.E0));
#2064=DIRECTION('',(0.E0,0.E0,1.E0));
#2065=AXIS2_PLACEMENT_3D('',#2062,#2063,#2064);
#2066=CONICAL_SURFACE('',#2065,4.333226605203E0,1.488280351766E1);
#2067=ORIENTED_EDGE('',*,*,#2057,.F.);
#2069=ORIENTED_EDGE('',*,*,#2068,.T.);
#2070=ORIENTED_EDGE('',*,*,#2053,.T.);
#2071=ORIENTED_EDGE('',*,*,#2026,.T.);
#2072=EDGE_LOOP('',(#2067,#2069,#2070,#2071));
#2073=FACE_OUTER_BOUND('',#2072,.F.);
#2075=CARTESIAN_POINT('',(5.5E0,0.E0,-1.272E1));
#2076=DIRECTION('',(-1.E0,0.E0,0.E0));
#2077=DIRECTION('',(0.E0,0.E0,1.E0));
#2078=AXIS2_PLACEMENT_3D('',#2075,#2076,#2077);
#2079=TOROIDAL_SURFACE('',#2078,4.2E0,5.E-1);
#2081=ORIENTED_EDGE('',*,*,#2080,.F.);
#2083=ORIENTED_EDGE('',*,*,#2082,.F.);
#2085=ORIENTED_EDGE('',*,*,#2084,.T.);
#2086=ORIENTED_EDGE('',*,*,#2068,.F.);
#2087=EDGE_LOOP('',(#2081,#2083,#2085,#2086));
#2088=FACE_OUTER_BOUND('',#2087,.F.);
#2090=CARTESIAN_POINT('',(5.5E0,0.E0,-1.272E1));
#2091=DIRECTION('',(-1.E0,0.E0,0.E0));
#2092=DIRECTION('',(0.E0,0.E0,1.E0));
#2093=AXIS2_PLACEMENT_3D('',#2090,#2091,#2092);
#2094=TOROIDAL_SURFACE('',#2093,4.2E0,5.E-1);
#2095=ORIENTED_EDGE('',*,*,#2055,.F.);
#2096=ORIENTED_EDGE('',*,*,#2084,.F.);
#2098=ORIENTED_EDGE('',*,*,#2097,.F.);
#2099=ORIENTED_EDGE('',*,*,#2080,.T.);
#2100=EDGE_LOOP('',(#2095,#2096,#2098,#2099));
#2101=FACE_OUTER_BOUND('',#2100,.F.);
#2103=CARTESIAN_POINT('',(5.E0,0.E0,-1.272E1));
#2104=DIRECTION('',(-1.E0,0.E0,0.E0));
#2105=DIRECTION('',(0.E0,0.E0,1.E0));
#2106=AXIS2_PLACEMENT_3D('',#2103,#2104,#2105);
#2107=CYLINDRICAL_SURFACE('',#2106,4.7E0);
#2108=ORIENTED_EDGE('',*,*,#2097,.T.);
#2110=ORIENTED_EDGE('',*,*,#2109,.F.);
#2112=ORIENTED_EDGE('',*,*,#2111,.T.);
#2114=ORIENTED_EDGE('',*,*,#2113,.T.);
#2115=EDGE_LOOP('',(#2108,#2110,#2112,#2114));
#2116=FACE_OUTER_BOUND('',#2115,.F.);
#2118=CARTESIAN_POINT('',(5.E0,0.E0,-1.272E1));
#2119=DIRECTION('',(-1.E0,0.E0,0.E0));
#2120=DIRECTION('',(0.E0,0.E0,1.E0));
#2121=AXIS2_PLACEMENT_3D('',#2118,#2119,#2120);
#2122=CYLINDRICAL_SURFACE('',#2121,4.7E0);
#2123=ORIENTED_EDGE('',*,*,#2113,.F.);
#2125=ORIENTED_EDGE('',*,*,#2124,.T.);
#2126=ORIENTED_EDGE('',*,*,#2109,.T.);
#2127=ORIENTED_EDGE('',*,*,#2082,.T.);
#2128=EDGE_LOOP('',(#2123,#2125,#2126,#2127));
#2129=FACE_OUTER_BOUND('',#2128,.F.);
#2131=CARTESIAN_POINT('',(5.E0,0.E0,-8.71E0));
#2132=DIRECTION('',(-1.E0,0.E0,0.E0));
#2133=DIRECTION('',(0.E0,0.E0,1.E0));
#2134=AXIS2_PLACEMENT_3D('',#2131,#2132,#2133);
#2135=PLANE('',#2134);
#2136=ORIENTED_EDGE('',*,*,#2111,.F.);
#2137=ORIENTED_EDGE('',*,*,#2124,.F.);
#2138=EDGE_LOOP('',(#2136,#2137));
#2139=FACE_OUTER_BOUND('',#2138,.F.);
#2141=ORIENTED_EDGE('',*,*,#2140,.T.);
#2143=ORIENTED_EDGE('',*,*,#2142,.T.);
#2144=EDGE_LOOP('',(#2141,#2143));
#2145=FACE_BOUND('',#2144,.F.);
#2147=CARTESIAN_POINT('',(2.339949493661E1,0.E0,-1.272E1));
#2148=DIRECTION('',(-1.E0,0.E0,0.E0));
#2149=DIRECTION('',(0.E0,-1.E0,0.E0));
#2150=AXIS2_PLACEMENT_3D('',#2147,#2148,#2149);
#2151=CYLINDRICAL_SURFACE('',#2150,3.5E0);
#2152=ORIENTED_EDGE('',*,*,#2140,.F.);
#2154=ORIENTED_EDGE('',*,*,#2153,.F.);
#2156=ORIENTED_EDGE('',*,*,#2155,.T.);
#2158=ORIENTED_EDGE('',*,*,#2157,.T.);
#2160=ORIENTED_EDGE('',*,*,#2159,.T.);
#2161=EDGE_LOOP('',(#2152,#2154,#2156,#2158,#2160));
#2162=FACE_OUTER_BOUND('',#2161,.F.);
#2164=CARTESIAN_POINT('',(2.339949493661E1,0.E0,-1.272E1));
#2165=DIRECTION('',(-1.E0,0.E0,0.E0));
#2166=DIRECTION('',(0.E0,-1.E0,0.E0));
#2167=AXIS2_PLACEMENT_3D('',#2164,#2165,#2166);
#2168=CYLINDRICAL_SURFACE('',#2167,3.5E0);
#2169=ORIENTED_EDGE('',*,*,#2142,.F.);
#2170=ORIENTED_EDGE('',*,*,#2159,.F.);
#2172=ORIENTED_EDGE('',*,*,#2171,.T.);
#2174=ORIENTED_EDGE('',*,*,#2173,.T.);
#2175=ORIENTED_EDGE('',*,*,#2153,.T.);
#2176=EDGE_LOOP('',(#2169,#2170,#2172,#2174,#2175));
#2177=FACE_OUTER_BOUND('',#2176,.F.);
#2179=CARTESIAN_POINT('',(3.5E0,-3.5E0,-4.233949493661E1));
#2180=DIRECTION('',(-1.E0,0.E0,0.E0));
#2181=DIRECTION('',(0.E0,-1.E0,0.E0));
#2182=AXIS2_PLACEMENT_3D('',#2179,#2180,#2181);
#2183=PLANE('',#2182);
#2184=ORIENTED_EDGE('',*,*,#2171,.F.);
#2186=ORIENTED_EDGE('',*,*,#2185,.T.);
#2188=ORIENTED_EDGE('',*,*,#2187,.F.);
#2190=ORIENTED_EDGE('',*,*,#2189,.T.);
#2191=EDGE_LOOP('',(#2184,#2186,#2188,#2190));
#2192=FACE_OUTER_BOUND('',#2191,.F.);
#2194=CARTESIAN_POINT('',(3.5E0,3.5E0,-4.233949493661E1));
#2195=DIRECTION('',(0.E0,-1.E0,0.E0));
#2196=DIRECTION('',(1.E0,0.E0,0.E0));
#2197=AXIS2_PLACEMENT_3D('',#2194,#2195,#2196);
#2198=PLANE('',#2197);
#2200=ORIENTED_EDGE('',*,*,#2199,.T.);
#2202=ORIENTED_EDGE('',*,*,#2201,.T.);
#2204=ORIENTED_EDGE('',*,*,#2203,.T.);
#2206=ORIENTED_EDGE('',*,*,#2205,.T.);
#2208=ORIENTED_EDGE('',*,*,#2207,.T.);
#2210=ORIENTED_EDGE('',*,*,#2209,.T.);
#2212=ORIENTED_EDGE('',*,*,#2211,.T.);
#2213=ORIENTED_EDGE('',*,*,#2185,.F.);
#2215=ORIENTED_EDGE('',*,*,#2214,.F.);
#2216=EDGE_LOOP('',(#2200,#2202,#2204,#2206,#2208,#2210,#2212,#2213,#2215));
#2217=FACE_OUTER_BOUND('',#2216,.F.);
#2219=CARTESIAN_POINT('',(3.136362863367E-1,0.E0,-1.272E1));
#2220=DIRECTION('',(-1.E0,0.E0,0.E0));
#2221=DIRECTION('',(0.E0,-1.E0,0.E0));
#2222=AXIS2_PLACEMENT_3D('',#2219,#2220,#2221);
#2223=TOROIDAL_SURFACE('',#2222,3.6E0,3.186363713663E0);
#2225=ORIENTED_EDGE('',*,*,#2224,.F.);
#2226=ORIENTED_EDGE('',*,*,#2199,.F.);
#2228=ORIENTED_EDGE('',*,*,#2227,.T.);
#2229=EDGE_LOOP('',(#2225,#2226,#2228));
#2230=FACE_OUTER_BOUND('',#2229,.F.);
#2232=CARTESIAN_POINT('',(-4.E0,0.E0,-9.22E0));
#2233=DIRECTION('',(0.E0,0.E0,-1.E0));
#2234=DIRECTION('',(0.E0,1.E0,0.E0));
#2235=AXIS2_PLACEMENT_3D('',#2232,#2233,#2234);
#2236=PLANE('',#2235);
#2238=ORIENTED_EDGE('',*,*,#2237,.T.);
#2240=ORIENTED_EDGE('',*,*,#2239,.F.);
#2242=ORIENTED_EDGE('',*,*,#2241,.T.);
#2244=ORIENTED_EDGE('',*,*,#2243,.F.);
#2246=ORIENTED_EDGE('',*,*,#2245,.T.);
#2247=ORIENTED_EDGE('',*,*,#2201,.F.);
#2248=ORIENTED_EDGE('',*,*,#2224,.T.);
#2250=ORIENTED_EDGE('',*,*,#2249,.F.);
#2252=ORIENTED_EDGE('',*,*,#2251,.F.);
#2253=EDGE_LOOP('',(#2238,#2240,#2242,#2244,#2246,#2247,#2248,#2250,#2252));
#2254=FACE_OUTER_BOUND('',#2253,.F.);
#2256=ORIENTED_EDGE('',*,*,#2255,.F.);
#2258=ORIENTED_EDGE('',*,*,#2257,.F.);
#2259=EDGE_LOOP('',(#2256,#2258));
#2260=FACE_BOUND('',#2259,.F.);
#2262=CARTESIAN_POINT('',(3.136362863367E-1,0.E0,-1.272E1));
#2263=DIRECTION('',(-1.E0,0.E0,0.E0));
#2264=DIRECTION('',(0.E0,-1.E0,0.E0));
#2265=AXIS2_PLACEMENT_3D('',#2262,#2263,#2264);
#2266=TOROIDAL_SURFACE('',#2265,3.6E0,3.186363713663E0);
#2267=ORIENTED_EDGE('',*,*,#2237,.F.);
#2269=ORIENTED_EDGE('',*,*,#2268,.T.);
#2271=ORIENTED_EDGE('',*,*,#2270,.F.);
#2272=EDGE_LOOP('',(#2267,#2269,#2271));
#2273=FACE_OUTER_BOUND('',#2272,.F.);
#2275=CARTESIAN_POINT('',(3.5E0,-3.5E0,-4.233949493661E1));
#2276=DIRECTION('',(-1.E0,0.E0,0.E0));
#2277=DIRECTION('',(0.E0,-1.E0,0.E0));
#2278=AXIS2_PLACEMENT_3D('',#2275,#2276,#2277);
#2279=PLANE('',#2278);
#2280=ORIENTED_EDGE('',*,*,#2155,.F.);
#2282=ORIENTED_EDGE('',*,*,#2281,.F.);
#2283=ORIENTED_EDGE('',*,*,#2268,.F.);
#2284=ORIENTED_EDGE('',*,*,#2251,.T.);
#2285=EDGE_LOOP('',(#2280,#2282,#2283,#2284));
#2286=FACE_OUTER_BOUND('',#2285,.F.);
#2288=CARTESIAN_POINT('',(3.5E0,-3.5E0,-4.233949493661E1));
#2289=DIRECTION('',(0.E0,1.E0,0.E0));
#2290=DIRECTION('',(-1.E0,0.E0,0.E0));
#2291=AXIS2_PLACEMENT_3D('',#2288,#2289,#2290);
#2292=PLANE('',#2291);
#2294=ORIENTED_EDGE('',*,*,#2293,.T.);
#2296=ORIENTED_EDGE('',*,*,#2295,.T.);
#2298=ORIENTED_EDGE('',*,*,#2297,.T.);
#2300=ORIENTED_EDGE('',*,*,#2299,.F.);
#2302=ORIENTED_EDGE('',*,*,#2301,.T.);
#2303=ORIENTED_EDGE('',*,*,#2239,.T.);
#2304=ORIENTED_EDGE('',*,*,#2270,.T.);
#2305=ORIENTED_EDGE('',*,*,#2281,.T.);
#2307=ORIENTED_EDGE('',*,*,#2306,.T.);
#2308=EDGE_LOOP('',(#2294,#2296,#2298,#2300,#2302,#2303,#2304,#2305,#2307));
#2309=FACE_OUTER_BOUND('',#2308,.F.);
#2311=CARTESIAN_POINT('',(3.136362863367E-1,0.E0,-1.272E1));
#2312=DIRECTION('',(-1.E0,0.E0,0.E0));
#2313=DIRECTION('',(0.E0,-1.E0,0.E0));
#2314=AXIS2_PLACEMENT_3D('',#2311,#2312,#2313);
#2315=TOROIDAL_SURFACE('',#2314,3.6E0,3.186363713663E0);
#2316=ORIENTED_EDGE('',*,*,#2293,.F.);
#2318=ORIENTED_EDGE('',*,*,#2317,.T.);
#2320=ORIENTED_EDGE('',*,*,#2319,.F.);
#2321=EDGE_LOOP('',(#2316,#2318,#2320));
#2322=FACE_OUTER_BOUND('',#2321,.F.);
#2324=CARTESIAN_POINT('',(3.5E0,-3.5E0,-4.233949493661E1));
#2325=DIRECTION('',(-1.E0,0.E0,0.E0));
#2326=DIRECTION('',(0.E0,-1.E0,0.E0));
#2327=AXIS2_PLACEMENT_3D('',#2324,#2325,#2326);
#2328=PLANE('',#2327);
#2329=ORIENTED_EDGE('',*,*,#2173,.F.);
#2331=ORIENTED_EDGE('',*,*,#2330,.T.);
#2332=ORIENTED_EDGE('',*,*,#2317,.F.);
#2333=ORIENTED_EDGE('',*,*,#2306,.F.);
#2334=EDGE_LOOP('',(#2329,#2331,#2332,#2333));
#2335=FACE_OUTER_BOUND('',#2334,.F.);
#2337=CARTESIAN_POINT('',(0.E0,0.E0,-1.622E1));
#2338=DIRECTION('',(0.E0,0.E0,1.E0));
#2339=DIRECTION('',(0.E0,-1.E0,0.E0));
#2340=AXIS2_PLACEMENT_3D('',#2337,#2338,#2339);
#2341=PLANE('',#2340);
#2343=ORIENTED_EDGE('',*,*,#2342,.T.);
#2344=ORIENTED_EDGE('',*,*,#2209,.F.);
#2346=ORIENTED_EDGE('',*,*,#2345,.T.);
#2348=ORIENTED_EDGE('',*,*,#2347,.F.);
#2350=ORIENTED_EDGE('',*,*,#2349,.T.);
#2351=ORIENTED_EDGE('',*,*,#2295,.F.);
#2352=ORIENTED_EDGE('',*,*,#2319,.T.);
#2353=ORIENTED_EDGE('',*,*,#2330,.F.);
#2354=ORIENTED_EDGE('',*,*,#2189,.F.);
#2355=EDGE_LOOP('',(#2343,#2344,#2346,#2348,#2350,#2351,#2352,#2353,#2354));
#2356=FACE_OUTER_BOUND('',#2355,.F.);
#2358=CARTESIAN_POINT('',(3.136362863367E-1,0.E0,-1.272E1));
#2359=DIRECTION('',(-1.E0,0.E0,0.E0));
#2360=DIRECTION('',(0.E0,-1.E0,0.E0));
#2361=AXIS2_PLACEMENT_3D('',#2358,#2359,#2360);
#2362=TOROIDAL_SURFACE('',#2361,3.6E0,3.186363713663E0);
#2363=ORIENTED_EDGE('',*,*,#2211,.F.);
#2364=ORIENTED_EDGE('',*,*,#2342,.F.);
#2365=ORIENTED_EDGE('',*,*,#2187,.T.);
#2366=EDGE_LOOP('',(#2363,#2364,#2365));
#2367=FACE_OUTER_BOUND('',#2366,.F.);
#2369=CARTESIAN_POINT('',(-3.136362863367E-1,0.E0,-1.272E1));
#2370=DIRECTION('',(-1.E0,0.E0,0.E0));
#2371=DIRECTION('',(0.E0,-1.E0,0.E0));
#2372=AXIS2_PLACEMENT_3D('',#2369,#2370,#2371);
#2373=TOROIDAL_SURFACE('',#2372,3.6E0,3.186363713663E0);
#2374=ORIENTED_EDGE('',*,*,#2207,.F.);
#2376=ORIENTED_EDGE('',*,*,#2375,.T.);
#2377=ORIENTED_EDGE('',*,*,#2345,.F.);
#2378=EDGE_LOOP('',(#2374,#2376,#2377));
#2379=FACE_OUTER_BOUND('',#2378,.F.);
#2381=CARTESIAN_POINT('',(-3.5E0,-3.5E0,-4.233949493661E1));
#2382=DIRECTION('',(1.E0,0.E0,0.E0));
#2383=DIRECTION('',(0.E0,1.E0,0.E0));
#2384=AXIS2_PLACEMENT_3D('',#2381,#2382,#2383);
#2385=PLANE('',#2384);
#2386=ORIENTED_EDGE('',*,*,#2299,.T.);
#2388=ORIENTED_EDGE('',*,*,#2387,.F.);
#2389=ORIENTED_EDGE('',*,*,#2347,.T.);
#2390=ORIENTED_EDGE('',*,*,#2375,.F.);
#2391=ORIENTED_EDGE('',*,*,#2205,.F.);
#2393=ORIENTED_EDGE('',*,*,#2392,.F.);
#2394=ORIENTED_EDGE('',*,*,#2243,.T.);
#2396=ORIENTED_EDGE('',*,*,#2395,.F.);
#2397=EDGE_LOOP('',(#2386,#2388,#2389,#2390,#2391,#2393,#2394,#2396));
#2398=FACE_OUTER_BOUND('',#2397,.F.);
#2400=CARTESIAN_POINT('',(-3.136362863367E-1,0.E0,-1.272E1));
#2401=DIRECTION('',(-1.E0,0.E0,0.E0));
#2402=DIRECTION('',(0.E0,-1.E0,0.E0));
#2403=AXIS2_PLACEMENT_3D('',#2400,#2401,#2402);
#2404=TOROIDAL_SURFACE('',#2403,3.6E0,3.186363713663E0);
#2405=ORIENTED_EDGE('',*,*,#2297,.F.);
#2406=ORIENTED_EDGE('',*,*,#2349,.F.);
#2407=ORIENTED_EDGE('',*,*,#2387,.T.);
#2408=EDGE_LOOP('',(#2405,#2406,#2407));
#2409=FACE_OUTER_BOUND('',#2408,.F.);
#2411=CARTESIAN_POINT('',(-3.136362863367E-1,0.E0,-1.272E1));
#2412=DIRECTION('',(-1.E0,0.E0,0.E0));
#2413=DIRECTION('',(0.E0,-1.E0,0.E0));
#2414=AXIS2_PLACEMENT_3D('',#2411,#2412,#2413);
#2415=TOROIDAL_SURFACE('',#2414,3.6E0,3.186363713663E0);
#2416=ORIENTED_EDGE('',*,*,#2245,.F.);
#2417=ORIENTED_EDGE('',*,*,#2392,.T.);
#2418=ORIENTED_EDGE('',*,*,#2203,.F.);
#2419=EDGE_LOOP('',(#2416,#2417,#2418));
#2420=FACE_OUTER_BOUND('',#2419,.F.);
#2422=CARTESIAN_POINT('',(-3.136362863367E-1,0.E0,-1.272E1));
#2423=DIRECTION('',(-1.E0,0.E0,0.E0));
#2424=DIRECTION('',(0.E0,-1.E0,0.E0));
#2425=AXIS2_PLACEMENT_3D('',#2422,#2423,#2424);
#2426=TOROIDAL_SURFACE('',#2425,3.6E0,3.186363713663E0);
#2427=ORIENTED_EDGE('',*,*,#2241,.F.);
#2428=ORIENTED_EDGE('',*,*,#2301,.F.);
#2429=ORIENTED_EDGE('',*,*,#2395,.T.);
#2430=EDGE_LOOP('',(#2427,#2428,#2429));
#2431=FACE_OUTER_BOUND('',#2430,.F.);
#2433=CARTESIAN_POINT('',(3.5E0,-3.5E0,-4.233949493661E1));
#2434=DIRECTION('',(-1.E0,0.E0,0.E0));
#2435=DIRECTION('',(0.E0,-1.E0,0.E0));
#2436=AXIS2_PLACEMENT_3D('',#2433,#2434,#2435);
#2437=PLANE('',#2436);
#2438=ORIENTED_EDGE('',*,*,#2157,.F.);
#2439=ORIENTED_EDGE('',*,*,#2249,.T.);
#2440=ORIENTED_EDGE('',*,*,#2227,.F.);
#2441=ORIENTED_EDGE('',*,*,#2214,.T.);
#2442=EDGE_LOOP('',(#2438,#2439,#2440,#2441));
#2443=FACE_OUTER_BOUND('',#2442,.F.);
#2445=CARTESIAN_POINT('',(0.E0,0.E0,-2.805665222414E1));
#2446=DIRECTION('',(0.E0,0.E0,1.E0));
#2447=DIRECTION('',(0.E0,-1.E0,0.E0));
#2448=AXIS2_PLACEMENT_3D('',#2445,#2446,#2447);
#2449=CYLINDRICAL_SURFACE('',#2448,3.4E0);
#2450=ORIENTED_EDGE('',*,*,#2255,.T.);
#2452=ORIENTED_EDGE('',*,*,#2451,.F.);
#2454=ORIENTED_EDGE('',*,*,#2453,.T.);
#2456=ORIENTED_EDGE('',*,*,#2455,.T.);
#2457=EDGE_LOOP('',(#2450,#2452,#2454,#2456));
#2458=FACE_OUTER_BOUND('',#2457,.F.);
#2460=CARTESIAN_POINT('',(0.E0,0.E0,-2.805665222414E1));
#2461=DIRECTION('',(0.E0,0.E0,1.E0));
#2462=DIRECTION('',(0.E0,-1.E0,0.E0));
#2463=AXIS2_PLACEMENT_3D('',#2460,#2461,#2462);
#2464=CYLINDRICAL_SURFACE('',#2463,3.4E0);
#2465=ORIENTED_EDGE('',*,*,#2455,.F.);
#2467=ORIENTED_EDGE('',*,*,#2466,.T.);
#2468=ORIENTED_EDGE('',*,*,#2451,.T.);
#2469=ORIENTED_EDGE('',*,*,#2257,.T.);
#2470=EDGE_LOOP('',(#2465,#2467,#2468,#2469));
#2471=FACE_OUTER_BOUND('',#2470,.F.);
#2473=CARTESIAN_POINT('',(0.E0,0.E0,-8.22E0));
#2474=DIRECTION('',(0.E0,0.E0,1.E0));
#2475=DIRECTION('',(0.E0,-1.E0,0.E0));
#2476=AXIS2_PLACEMENT_3D('',#2473,#2474,#2475);
#2477=PLANE('',#2476);
#2479=ORIENTED_EDGE('',*,*,#2478,.F.);
#2481=ORIENTED_EDGE('',*,*,#2480,.F.);
#2482=EDGE_LOOP('',(#2479,#2481));
#2483=FACE_OUTER_BOUND('',#2482,.F.);
#2484=ORIENTED_EDGE('',*,*,#2466,.F.);
#2485=ORIENTED_EDGE('',*,*,#2453,.F.);
#2486=EDGE_LOOP('',(#2484,#2485));
#2487=FACE_BOUND('',#2486,.F.);
#2489=CARTESIAN_POINT('',(0.E0,0.E0,-7.003333333333E0));
#2490=DIRECTION('',(0.E0,0.E0,-1.E0));
#2491=DIRECTION('',(-1.E0,0.E0,0.E0));
#2492=AXIS2_PLACEMENT_3D('',#2489,#2490,#2491);
#2493=TOROIDAL_SURFACE('',#2492,3.818802153517E0,1.216666666667E0);
#2495=ORIENTED_EDGE('',*,*,#2494,.F.);
#2497=ORIENTED_EDGE('',*,*,#2496,.F.);
#2499=ORIENTED_EDGE('',*,*,#2498,.F.);
#2501=ORIENTED_EDGE('',*,*,#2500,.F.);
#2503=ORIENTED_EDGE('',*,*,#2502,.F.);
#2504=ORIENTED_EDGE('',*,*,#2478,.T.);
#2506=ORIENTED_EDGE('',*,*,#2505,.T.);
#2507=EDGE_LOOP('',(#2495,#2497,#2499,#2501,#2503,#2504,#2506));
#2508=FACE_OUTER_BOUND('',#2507,.F.);
#2510=CARTESIAN_POINT('',(4.E0,2.309401076759E0,-2.22E0));
#2511=DIRECTION('',(1.E0,0.E0,0.E0));
#2512=DIRECTION('',(0.E0,1.E0,0.E0));
#2513=AXIS2_PLACEMENT_3D('',#2510,#2511,#2512);
#2514=PLANE('',#2513);
#2516=ORIENTED_EDGE('',*,*,#2515,.T.);
#2518=ORIENTED_EDGE('',*,*,#2517,.T.);
#2520=ORIENTED_EDGE('',*,*,#2519,.T.);
#2522=ORIENTED_EDGE('',*,*,#2521,.F.);
#2523=ORIENTED_EDGE('',*,*,#2494,.T.);
#2525=ORIENTED_EDGE('',*,*,#2524,.T.);
#2526=EDGE_LOOP('',(#2516,#2518,#2520,#2522,#2523,#2525));
#2527=FACE_OUTER_BOUND('',#2526,.F.);
#2529=CARTESIAN_POINT('',(4.E0,-2.309401076759E0,-2.22E0));
#2530=DIRECTION('',(5.E-1,-8.660254037844E-1,0.E0));
#2531=DIRECTION('',(8.660254037844E-1,5.E-1,0.E0));
#2532=AXIS2_PLACEMENT_3D('',#2529,#2530,#2531);
#2533=PLANE('',#2532);
#2535=ORIENTED_EDGE('',*,*,#2534,.T.);
#2537=ORIENTED_EDGE('',*,*,#2536,.T.);
#2539=ORIENTED_EDGE('',*,*,#2538,.T.);
#2540=ORIENTED_EDGE('',*,*,#2515,.F.);
#2542=ORIENTED_EDGE('',*,*,#2541,.T.);
#2543=EDGE_LOOP('',(#2535,#2537,#2539,#2540,#2542));
#2544=FACE_OUTER_BOUND('',#2543,.F.);
#2546=CARTESIAN_POINT('',(0.E0,-4.618802153517E0,-2.22E0));
#2547=DIRECTION('',(-5.E-1,-8.660254037844E-1,0.E0));
#2548=DIRECTION('',(8.660254037844E-1,-5.E-1,0.E0));
#2549=AXIS2_PLACEMENT_3D('',#2546,#2547,#2548);
#2550=PLANE('',#2549);
#2552=ORIENTED_EDGE('',*,*,#2551,.T.);
#2554=ORIENTED_EDGE('',*,*,#2553,.T.);
#2556=ORIENTED_EDGE('',*,*,#2555,.T.);
#2557=ORIENTED_EDGE('',*,*,#2534,.F.);
#2559=ORIENTED_EDGE('',*,*,#2558,.T.);
#2560=EDGE_LOOP('',(#2552,#2554,#2556,#2557,#2559));
#2561=FACE_OUTER_BOUND('',#2560,.F.);
#2563=CARTESIAN_POINT('',(-4.E0,-2.309401076759E0,-2.22E0));
#2564=DIRECTION('',(-1.E0,0.E0,0.E0));
#2565=DIRECTION('',(0.E0,-1.E0,0.E0));
#2566=AXIS2_PLACEMENT_3D('',#2563,#2564,#2565);
#2567=PLANE('',#2566);
#2569=ORIENTED_EDGE('',*,*,#2568,.T.);
#2571=ORIENTED_EDGE('',*,*,#2570,.T.);
#2573=ORIENTED_EDGE('',*,*,#2572,.T.);
#2574=ORIENTED_EDGE('',*,*,#2551,.F.);
#2576=ORIENTED_EDGE('',*,*,#2575,.T.);
#2577=ORIENTED_EDGE('',*,*,#2500,.T.);
#2578=EDGE_LOOP('',(#2569,#2571,#2573,#2574,#2576,#2577));
#2579=FACE_OUTER_BOUND('',#2578,.F.);
#2581=CARTESIAN_POINT('',(-4.E0,2.309401076759E0,-2.22E0));
#2582=DIRECTION('',(-5.E-1,8.660254037844E-1,0.E0));
#2583=DIRECTION('',(-8.660254037844E-1,-5.E-1,0.E0));
#2584=AXIS2_PLACEMENT_3D('',#2581,#2582,#2583);
#2585=PLANE('',#2584);
#2587=ORIENTED_EDGE('',*,*,#2586,.T.);
#2589=ORIENTED_EDGE('',*,*,#2588,.T.);
#2591=ORIENTED_EDGE('',*,*,#2590,.T.);
#2592=ORIENTED_EDGE('',*,*,#2568,.F.);
#2593=ORIENTED_EDGE('',*,*,#2498,.T.);
#2594=EDGE_LOOP('',(#2587,#2589,#2591,#2592,#2593));
#2595=FACE_OUTER_BOUND('',#2594,.F.);
#2597=CARTESIAN_POINT('',(0.E0,4.618802153517E0,-2.22E0));
#2598=DIRECTION('',(5.E-1,8.660254037844E-1,0.E0));
#2599=DIRECTION('',(-8.660254037844E-1,5.E-1,0.E0));
#2600=AXIS2_PLACEMENT_3D('',#2597,#2598,#2599);
#2601=PLANE('',#2600);
#2602=ORIENTED_EDGE('',*,*,#2521,.T.);
#2604=ORIENTED_EDGE('',*,*,#2603,.T.);
#2606=ORIENTED_EDGE('',*,*,#2605,.T.);
#2607=ORIENTED_EDGE('',*,*,#2586,.F.);
#2608=ORIENTED_EDGE('',*,*,#2496,.T.);
#2609=EDGE_LOOP('',(#2602,#2604,#2606,#2607,#2608));
#2610=FACE_OUTER_BOUND('',#2609,.F.);
#2612=CARTESIAN_POINT('',(0.E0,0.E0,-3.436666666667E0));
#2613=DIRECTION('',(0.E0,0.E0,-1.E0));
#2614=DIRECTION('',(-1.E0,0.E0,0.E0));
#2615=AXIS2_PLACEMENT_3D('',#2612,#2613,#2614);
#2616=TOROIDAL_SURFACE('',#2615,3.818802153517E0,1.216666666667E0);
#2617=ORIENTED_EDGE('',*,*,#2603,.F.);
#2618=ORIENTED_EDGE('',*,*,#2519,.F.);
#2620=ORIENTED_EDGE('',*,*,#2619,.F.);
#2621=EDGE_LOOP('',(#2617,#2618,#2620));
#2622=FACE_OUTER_BOUND('',#2621,.F.);
#2624=CARTESIAN_POINT('',(0.E0,0.E0,-8.22E0));
#2625=DIRECTION('',(0.E0,0.E0,1.E0));
#2626=DIRECTION('',(0.E0,-1.E0,0.E0));
#2627=AXIS2_PLACEMENT_3D('',#2624,#2625,#2626);
#2628=CYLINDRICAL_SURFACE('',#2627,4.E0);
#2630=ORIENTED_EDGE('',*,*,#2629,.T.);
#2631=ORIENTED_EDGE('',*,*,#2619,.T.);
#2633=ORIENTED_EDGE('',*,*,#2632,.T.);
#2635=ORIENTED_EDGE('',*,*,#2634,.T.);
#2637=ORIENTED_EDGE('',*,*,#2636,.F.);
#2639=ORIENTED_EDGE('',*,*,#2638,.T.);
#2641=ORIENTED_EDGE('',*,*,#2640,.T.);
#2642=EDGE_LOOP('',(#2630,#2631,#2633,#2635,#2637,#2639,#2641));
#2643=FACE_OUTER_BOUND('',#2642,.F.);
#2645=CARTESIAN_POINT('',(0.E0,0.E0,-3.436666666667E0));
#2646=DIRECTION('',(0.E0,0.E0,-1.E0));
#2647=DIRECTION('',(-1.E0,0.E0,0.E0));
#2648=AXIS2_PLACEMENT_3D('',#2645,#2646,#2647);
#2649=TOROIDAL_SURFACE('',#2648,3.818802153517E0,1.216666666667E0);
#2650=ORIENTED_EDGE('',*,*,#2588,.F.);
#2651=ORIENTED_EDGE('',*,*,#2605,.F.);
#2652=ORIENTED_EDGE('',*,*,#2629,.F.);
#2654=ORIENTED_EDGE('',*,*,#2653,.F.);
#2655=EDGE_LOOP('',(#2650,#2651,#2652,#2654));
#2656=FACE_OUTER_BOUND('',#2655,.F.);
#2658=CARTESIAN_POINT('',(0.E0,0.E0,-8.22E0));
#2659=DIRECTION('',(0.E0,0.E0,1.E0));
#2660=DIRECTION('',(0.E0,-1.E0,0.E0));
#2661=AXIS2_PLACEMENT_3D('',#2658,#2659,#2660);
#2662=CYLINDRICAL_SURFACE('',#2661,4.E0);
#2663=ORIENTED_EDGE('',*,*,#2640,.F.);
#2665=ORIENTED_EDGE('',*,*,#2664,.T.);
#2666=ORIENTED_EDGE('',*,*,#2636,.T.);
#2668=ORIENTED_EDGE('',*,*,#2667,.T.);
#2670=ORIENTED_EDGE('',*,*,#2669,.T.);
#2672=ORIENTED_EDGE('',*,*,#2671,.T.);
#2673=ORIENTED_EDGE('',*,*,#2653,.T.);
#2674=EDGE_LOOP('',(#2663,#2665,#2666,#2668,#2670,#2672,#2673));
#2675=FACE_OUTER_BOUND('',#2674,.F.);
#2677=CARTESIAN_POINT('',(0.E0,0.E0,0.E0));
#2678=DIRECTION('',(0.E0,0.E0,1.E0));
#2679=DIRECTION('',(0.E0,-1.E0,0.E0));
#2680=AXIS2_PLACEMENT_3D('',#2677,#2678,#2679);
#2681=PLANE('',#2680);
#2682=ORIENTED_EDGE('',*,*,#2638,.F.);
#2683=ORIENTED_EDGE('',*,*,#2664,.F.);
#2684=EDGE_LOOP('',(#2682,#2683));
#2685=FACE_OUTER_BOUND('',#2684,.F.);
#2687=ORIENTED_EDGE('',*,*,#2686,.T.);
#2689=ORIENTED_EDGE('',*,*,#2688,.T.);
#2690=EDGE_LOOP('',(#2687,#2689));
#2691=FACE_BOUND('',#2690,.F.);
#2693=CARTESIAN_POINT('',(0.E0,0.E0,-1.000000000011E-1));
#2694=DIRECTION('',(0.E0,0.E0,1.E0));
#2695=DIRECTION('',(0.E0,-1.E0,0.E0));
#2696=AXIS2_PLACEMENT_3D('',#2693,#2694,#2695);
#2697=CONICAL_SURFACE('',#2696,2.779999999999E0,4.5E1);
#2699=ORIENTED_EDGE('',*,*,#2698,.T.);
#2701=ORIENTED_EDGE('',*,*,#2700,.T.);
#2702=ORIENTED_EDGE('',*,*,#2686,.F.);
#2704=ORIENTED_EDGE('',*,*,#2703,.F.);
#2705=EDGE_LOOP('',(#2699,#2701,#2702,#2704));
#2706=FACE_OUTER_BOUND('',#2705,.F.);
#2708=CARTESIAN_POINT('',(0.E0,0.E0,-7.35E0));
#2709=DIRECTION('',(0.E0,0.E0,1.E0));
#2710=DIRECTION('',(-1.E0,0.E0,0.E0));
#2711=AXIS2_PLACEMENT_3D('',#2708,#2709,#2710);
#2712=CYLINDRICAL_SURFACE('',#2711,2.68E0);
#2713=ORIENTED_EDGE('',*,*,#2698,.F.);
#2715=ORIENTED_EDGE('',*,*,#2714,.T.);
#2717=ORIENTED_EDGE('',*,*,#2716,.T.);
#2719=ORIENTED_EDGE('',*,*,#2718,.F.);
#2720=EDGE_LOOP('',(#2713,#2715,#2717,#2719));
#2721=FACE_OUTER_BOUND('',#2720,.F.);
#2723=CARTESIAN_POINT('',(0.E0,0.E0,-7.35E0));
#2724=DIRECTION('',(0.E0,0.E0,1.E0));
#2725=DIRECTION('',(-1.E0,0.E0,0.E0));
#2726=AXIS2_PLACEMENT_3D('',#2723,#2724,#2725);
#2727=CYLINDRICAL_SURFACE('',#2726,2.68E0);
#2729=ORIENTED_EDGE('',*,*,#2728,.F.);
#2730=ORIENTED_EDGE('',*,*,#2718,.T.);
#2732=ORIENTED_EDGE('',*,*,#2731,.T.);
#2733=ORIENTED_EDGE('',*,*,#2714,.F.);
#2734=EDGE_LOOP('',(#2729,#2730,#2732,#2733));
#2735=FACE_OUTER_BOUND('',#2734,.F.);
#2737=CARTESIAN_POINT('',(0.E0,0.E0,-1.000000000011E-1));
#2738=DIRECTION('',(0.E0,0.E0,1.E0));
#2739=DIRECTION('',(0.E0,-1.E0,0.E0));
#2740=AXIS2_PLACEMENT_3D('',#2737,#2738,#2739);
#2741=CONICAL_SURFACE('',#2740,2.779999999999E0,4.5E1);
#2742=ORIENTED_EDGE('',*,*,#2728,.T.);
#2743=ORIENTED_EDGE('',*,*,#2703,.T.);
#2744=ORIENTED_EDGE('',*,*,#2688,.F.);
#2745=ORIENTED_EDGE('',*,*,#2700,.F.);
#2746=EDGE_LOOP('',(#2742,#2743,#2744,#2745));
#2747=FACE_OUTER_BOUND('',#2746,.F.);
#2749=CARTESIAN_POINT('',(0.E0,0.E0,-6.75E0));
#2750=DIRECTION('',(0.E0,0.E0,1.E0));
#2751=DIRECTION('',(0.E0,-1.E0,0.E0));
#2752=AXIS2_PLACEMENT_3D('',#2749,#2750,#2751);
#2753=PLANE('',#2752);
#2754=ORIENTED_EDGE('',*,*,#2716,.F.);
#2755=ORIENTED_EDGE('',*,*,#2731,.F.);
#2756=EDGE_LOOP('',(#2754,#2755));
#2757=FACE_OUTER_BOUND('',#2756,.F.);
#2759=ORIENTED_EDGE('',*,*,#2758,.F.);
#2761=ORIENTED_EDGE('',*,*,#2760,.F.);
#2762=EDGE_LOOP('',(#2759,#2761));
#2763=FACE_BOUND('',#2762,.F.);
#2765=CARTESIAN_POINT('',(0.E0,0.E0,-6.5E0));
#2766=DIRECTION('',(0.E0,0.E0,-1.E0));
#2767=DIRECTION('',(0.E0,1.E0,0.E0));
#2768=AXIS2_PLACEMENT_3D('',#2765,#2766,#2767);
#2769=CYLINDRICAL_SURFACE('',#2768,2.295E0);
#2770=ORIENTED_EDGE('',*,*,#2758,.T.);
#2772=ORIENTED_EDGE('',*,*,#2771,.T.);
#2774=ORIENTED_EDGE('',*,*,#2773,.T.);
#2776=ORIENTED_EDGE('',*,*,#2775,.F.);
#2777=EDGE_LOOP('',(#2770,#2772,#2774,#2776));
#2778=FACE_OUTER_BOUND('',#2777,.F.);
#2780=CARTESIAN_POINT('',(0.E0,0.E0,-6.5E0));
#2781=DIRECTION('',(0.E0,0.E0,-1.E0));
#2782=DIRECTION('',(0.E0,1.E0,0.E0));
#2783=AXIS2_PLACEMENT_3D('',#2780,#2781,#2782);
#2784=CYLINDRICAL_SURFACE('',#2783,2.295E0);
#2785=ORIENTED_EDGE('',*,*,#2760,.T.);
#2786=ORIENTED_EDGE('',*,*,#2775,.T.);
#2788=ORIENTED_EDGE('',*,*,#2787,.T.);
#2789=ORIENTED_EDGE('',*,*,#2771,.F.);
#2790=EDGE_LOOP('',(#2785,#2786,#2788,#2789));
#2791=FACE_OUTER_BOUND('',#2790,.F.);
#2793=CARTESIAN_POINT('',(0.E0,0.E0,-6.5E0));
#2794=DIRECTION('',(0.E0,0.E0,1.E0));
#2795=DIRECTION('',(0.E0,-1.E0,0.E0));
#2796=AXIS2_PLACEMENT_3D('',#2793,#2794,#2795);
#2797=PLANE('',#2796);
#2798=ORIENTED_EDGE('',*,*,#2773,.F.);
#2799=ORIENTED_EDGE('',*,*,#2787,.F.);
#2800=EDGE_LOOP('',(#2798,#2799));
#2801=FACE_OUTER_BOUND('',#2800,.F.);
#2803=ORIENTED_EDGE('',*,*,#2802,.F.);
#2805=ORIENTED_EDGE('',*,*,#2804,.F.);
#2806=EDGE_LOOP('',(#2803,#2805));
#2807=FACE_BOUND('',#2806,.F.);
#2809=CARTESIAN_POINT('',(0.E0,0.E0,-6.625E0));
#2810=DIRECTION('',(0.E0,0.E0,1.E0));
#2811=DIRECTION('',(0.E0,-1.E0,0.E0));
#2812=AXIS2_PLACEMENT_3D('',#2809,#2810,#2811);
#2813=CONICAL_SURFACE('',#2812,3.906391705926E-2,5.E0);
#2815=ORIENTED_EDGE('',*,*,#2814,.T.);
#2817=ORIENTED_EDGE('',*,*,#2816,.F.);
#2818=ORIENTED_EDGE('',*,*,#2802,.T.);
#2820=ORIENTED_EDGE('',*,*,#2819,.T.);
#2821=EDGE_LOOP('',(#2815,#2817,#2818,#2820));
#2822=FACE_OUTER_BOUND('',#2821,.F.);
#2824=CARTESIAN_POINT('',(0.E0,0.E0,-6.75E0));
#2825=DIRECTION('',(0.E0,0.E0,1.E0));
#2826=DIRECTION('',(0.E0,-1.E0,0.E0));
#2827=AXIS2_PLACEMENT_3D('',#2824,#2825,#2826);
#2828=PLANE('',#2827);
#2829=ORIENTED_EDGE('',*,*,#2814,.F.);
#2831=ORIENTED_EDGE('',*,*,#2830,.F.);
#2832=EDGE_LOOP('',(#2829,#2831));
#2833=FACE_OUTER_BOUND('',#2832,.F.);
#2835=CARTESIAN_POINT('',(0.E0,0.E0,-6.625E0));
#2836=DIRECTION('',(0.E0,0.E0,1.E0));
#2837=DIRECTION('',(0.E0,-1.E0,0.E0));
#2838=AXIS2_PLACEMENT_3D('',#2835,#2836,#2837);
#2839=CONICAL_SURFACE('',#2838,3.906391705926E-2,5.E0);
#2840=ORIENTED_EDGE('',*,*,#2830,.T.);
#2841=ORIENTED_EDGE('',*,*,#2819,.F.);
#2842=ORIENTED_EDGE('',*,*,#2804,.T.);
#2843=ORIENTED_EDGE('',*,*,#2816,.T.);
#2844=EDGE_LOOP('',(#2840,#2841,#2842,#2843));
#2845=FACE_OUTER_BOUND('',#2844,.F.);
#2847=CARTESIAN_POINT('',(0.E0,0.E0,-3.436666666667E0));
#2848=DIRECTION('',(0.E0,0.E0,-1.E0));
#2849=DIRECTION('',(-1.E0,0.E0,0.E0));
#2850=AXIS2_PLACEMENT_3D('',#2847,#2848,#2849);
#2851=TOROIDAL_SURFACE('',#2850,3.818802153517E0,1.216666666667E0);
#2852=ORIENTED_EDGE('',*,*,#2536,.F.);
#2853=ORIENTED_EDGE('',*,*,#2555,.F.);
#2854=ORIENTED_EDGE('',*,*,#2667,.F.);
#2855=ORIENTED_EDGE('',*,*,#2634,.F.);
#2856=EDGE_LOOP('',(#2852,#2853,#2854,#2855));
#2857=FACE_OUTER_BOUND('',#2856,.F.);
#2859=CARTESIAN_POINT('',(0.E0,0.E0,-3.436666666667E0));
#2860=DIRECTION('',(0.E0,0.E0,-1.E0));
#2861=DIRECTION('',(-1.E0,0.E0,0.E0));
#2862=AXIS2_PLACEMENT_3D('',#2859,#2860,#2861);
#2863=TOROIDAL_SURFACE('',#2862,3.818802153517E0,1.216666666667E0);
#2864=ORIENTED_EDGE('',*,*,#2553,.F.);
#2865=ORIENTED_EDGE('',*,*,#2572,.F.);
#2866=ORIENTED_EDGE('',*,*,#2669,.F.);
#2867=EDGE_LOOP('',(#2864,#2865,#2866));
#2868=FACE_OUTER_BOUND('',#2867,.F.);
#2870=CARTESIAN_POINT('',(0.E0,0.E0,-3.436666666667E0));
#2871=DIRECTION('',(0.E0,0.E0,-1.E0));
#2872=DIRECTION('',(-1.E0,0.E0,0.E0));
#2873=AXIS2_PLACEMENT_3D('',#2870,#2871,#2872);
#2874=TOROIDAL_SURFACE('',#2873,3.818802153517E0,1.216666666667E0);
#2875=ORIENTED_EDGE('',*,*,#2570,.F.);
#2876=ORIENTED_EDGE('',*,*,#2590,.F.);
#2877=ORIENTED_EDGE('',*,*,#2671,.F.);
#2878=EDGE_LOOP('',(#2875,#2876,#2877));
#2879=FACE_OUTER_BOUND('',#2878,.F.);
#2881=CARTESIAN_POINT('',(0.E0,0.E0,-3.436666666667E0));
#2882=DIRECTION('',(0.E0,0.E0,-1.E0));
#2883=DIRECTION('',(-1.E0,0.E0,0.E0));
#2884=AXIS2_PLACEMENT_3D('',#2881,#2882,#2883);
#2885=TOROIDAL_SURFACE('',#2884,3.818802153517E0,1.216666666667E0);
#2886=ORIENTED_EDGE('',*,*,#2517,.F.);
#2887=ORIENTED_EDGE('',*,*,#2538,.F.);
#2888=ORIENTED_EDGE('',*,*,#2632,.F.);
#2889=EDGE_LOOP('',(#2886,#2887,#2888));
#2890=FACE_OUTER_BOUND('',#2889,.F.);
#2892=CARTESIAN_POINT('',(0.E0,0.E0,-7.003333333333E0));
#2893=DIRECTION('',(0.E0,0.E0,-1.E0));
#2894=DIRECTION('',(-1.E0,0.E0,0.E0));
#2895=AXIS2_PLACEMENT_3D('',#2892,#2893,#2894);
#2896=TOROIDAL_SURFACE('',#2895,3.818802153517E0,1.216666666667E0);
#2897=ORIENTED_EDGE('',*,*,#2505,.F.);
#2898=ORIENTED_EDGE('',*,*,#2480,.T.);
#2899=ORIENTED_EDGE('',*,*,#2502,.T.);
#2900=ORIENTED_EDGE('',*,*,#2575,.F.);
#2901=ORIENTED_EDGE('',*,*,#2558,.F.);
#2902=ORIENTED_EDGE('',*,*,#2541,.F.);
#2903=ORIENTED_EDGE('',*,*,#2524,.F.);
#2904=EDGE_LOOP('',(#2897,#2898,#2899,#2900,#2901,#2902,#2903));
#2905=FACE_OUTER_BOUND('',#2904,.F.);
#2907=CARTESIAN_POINT('',(1.35E1,0.E0,-1.272E1));
#2908=DIRECTION('',(1.E0,0.E0,0.E0));
#2909=DIRECTION('',(0.E0,0.E0,-1.E0));
#2910=AXIS2_PLACEMENT_3D('',#2907,#2908,#2909);
#2911=TOROIDAL_SURFACE('',#2910,3.270871215252E0,5.5E-1);
#2912=ORIENTED_EDGE('',*,*,#1958,.F.);
#2913=ORIENTED_EDGE('',*,*,#1929,.F.);
#2914=ORIENTED_EDGE('',*,*,#1898,.F.);
#2915=ORIENTED_EDGE('',*,*,#1926,.T.);
#2916=EDGE_LOOP('',(#2912,#2913,#2914,#2915));
#2917=FACE_OUTER_BOUND('',#2916,.F.);
#2923=PLANE_ANGLE_MEASURE_WITH_UNIT(PLANE_ANGLE_MEASURE(1.745329251994E-2),
#2922);
#2924=(CONVERSION_BASED_UNIT('DEGREE',#2923)NAMED_UNIT(*)PLANE_ANGLE_UNIT());
#2926=UNCERTAINTY_MEASURE_WITH_UNIT(LENGTH_MEASURE(1.E-3),#2921,
'distance_accuracy_value',
'Maximum model space distance between geometric entities at asserted connectivities');
#2929=APPLICATION_CONTEXT('automotive_design');
#2930=APPLICATION_PROTOCOL_DEFINITION('international standard',
'automotive_design',2001,#2929);
#2931=PRODUCT_DEFINITION_CONTEXT('part definition',#2929,'design');
#2932=PRODUCT_CONTEXT('',#2929,'mechanical');
#2933=PRODUCT('C-ANT-868-CW-RCS','C-ANT-868-CW-RCS','NOT SPECIFIED',(#2932));
#2934=PRODUCT_DEFINITION_FORMATION('1','LAST_VERSION',#2933);
#2942=DERIVED_UNIT_ELEMENT(#2941,2.E0);
#2943=DERIVED_UNIT((#2942));
#2944=MEASURE_REPRESENTATION_ITEM('surface area measure',AREA_MEASURE(
1.718960040277E3),#2943);
#2949=DERIVED_UNIT_ELEMENT(#2948,3.E0);
#2950=DERIVED_UNIT((#2949));
#2951=MEASURE_REPRESENTATION_ITEM('volume measure',VOLUME_MEASURE(
2.491679416048E3),#2950);
#2955=CARTESIAN_POINT('centre point',(1.794116452072E1,1.071912994739E-6,
-1.170573984787E1));
#2960=DERIVED_UNIT_ELEMENT(#2959,2.E0);
#2961=DERIVED_UNIT((#2960));
#2962=MEASURE_REPRESENTATION_ITEM('surface area measure',AREA_MEASURE(
1.718960040277E3),#2961);
#2967=DERIVED_UNIT_ELEMENT(#2966,3.E0);
#2968=DERIVED_UNIT((#2967));
#2969=MEASURE_REPRESENTATION_ITEM('volume measure',VOLUME_MEASURE(
2.491679416048E3),#2968);
#2973=CARTESIAN_POINT('centre point',(1.794116452072E1,1.071912994739E-6,
-1.170573984787E1));
#2978=PRODUCT_RELATED_PRODUCT_CATEGORY('part','',(#2933));
#1=DRAUGHTING_PRE_DEFINED_COLOUR('black');
#2=COLOUR_RGB('',0.E0,0.E0,3.6E-1);
#3=COLOUR_RGB('',0.E0,0.E0,4.8E-1);
#4=DRAUGHTING_PRE_DEFINED_COLOUR('blue');
#5=COLOUR_RGB('',0.E0,5.8824E-2,4.58824E-1);
#6=COLOUR_RGB('',0.E0,1.80392E-1,4.78431E-1);
#7=COLOUR_RGB('',0.E0,3.6E-1,9.E-2);
#8=COLOUR_RGB('',0.E0,3.6E-1,2.7E-1);
#9=COLOUR_RGB('',0.E0,5.6E-1,6.4E-1);
#10=COLOUR_RGB('',0.E0,5.8E-1,8.E-1);
#11=COLOUR_RGB('',0.E0,7.1E-1,6.6E-1);
#12=COLOUR_RGB('',0.E0,7.13E-1,0.E0);
#13=COLOUR_RGB('',0.E0,9.5E-1,8.4E-1);
#14=DRAUGHTING_PRE_DEFINED_COLOUR('green');
#15=DRAUGHTING_PRE_DEFINED_COLOUR('cyan');
#16=COLOUR_RGB('',1.1765E-2,1.9608E-2,3.9216E-2);
#17=COLOUR_RGB('',4.E-2,0.E0,1.6E-1);
#18=COLOUR_RGB('',3.9216E-2,2.19608E-1,1.21569E-1);
#19=COLOUR_RGB('',3.9216E-2,3.60784E-1,2.E-1);
#20=COLOUR_RGB('',5.098E-2,7.0588E-2,1.01961E-1);
#21=COLOUR_RGB('',9.E-2,0.E0,1.2E-1);
#22=COLOUR_RGB('',9.0196E-2,1.60784E-1,1.09804E-1);
#23=COLOUR_RGB('',9.0196E-2,3.80392E-1,6.70588E-1);
#24=COLOUR_RGB('',1.E-1,0.E0,2.5E-1);
#25=COLOUR_RGB('',1.01961E-1,4.78431E-1,3.88235E-1);
#26=COLOUR_RGB('',1.09804E-1,1.4902E-1,9.0196E-2);
#27=COLOUR_RGB('',1.4902E-1,3.09804E-1,5.29412E-1);
#28=COLOUR_RGB('',1.4902E-1,4.E-1,1.60784E-1);
#29=COLOUR_RGB('',1.6E-1,3.2E-2,0.E0);
#30=COLOUR_RGB('',1.60784E-1,4.5098E-1,7.21569E-1);
#31=COLOUR_RGB('',1.6E-1,4.6E-1,6.5E-1);
#32=COLOUR_RGB('',1.6E-1,1.E0,1.6E-1);
#33=COLOUR_RGB('',2.E-1,3.2E-2,0.E0);
#34=COLOUR_RGB('',2.11765E-1,4.11765E-1,1.4902E-1);
#35=COLOUR_RGB('',2.156862745098E-1,1.176470588235E-1,7.058823529412E-1);
#36=COLOUR_RGB('',2.39216E-1,2.39216E-1,2.31373E-1);
#37=COLOUR_RGB('',2.39216E-1,2.70588E-1,1.80392E-1);
#38=COLOUR_RGB('',2.5098E-1,2.90196E-1,3.29412E-1);
#39=COLOUR_RGB('',2.90196E-1,4.31373E-1,2.E-1);
#40=COLOUR_RGB('',3.1E-1,3.1E-1,5.6E-1);
#41=COLOUR_RGB('',3.09804E-1,6.58824E-1,2.E-1);
#42=COLOUR_RGB('',3.2E-1,1.5E-1,0.E0);
#43=COLOUR_RGB('',3.60784E-1,3.1373E-2,1.68627E-1);
#44=COLOUR_RGB('',3.68627E-1,2.E-1,1.21569E-1);
#45=COLOUR_RGB('',3.88235E-1,2.39216E-1,6.11765E-1);
#46=COLOUR_RGB('',4.E-1,4.E-1,4.E-1);
#47=COLOUR_RGB('',4.11765E-1,5.8824E-2,7.8431E-2);
#48=COLOUR_RGB('',4.11765E-1,3.29412E-1,2.19608E-1);
#49=COLOUR_RGB('',4.2E-1,4.2E-1,1.E0);
#50=COLOUR_RGB('',4.4E-1,8.5E-1,1.E0);
#51=COLOUR_RGB('',4.58824E-1,4.5098E-1,3.09804E-1);
#52=COLOUR_RGB('',4.70588E-1,5.09804E-1,5.4902E-1);
#53=COLOUR_RGB('',4.78431E-1,4.90196E-1,4.58824E-1);
#54=COLOUR_RGB('',4.90196E-1,3.60784E-1,2.19608E-1);
#55=COLOUR_RGB('',4.9E-1,4.9E-1,0.E0);
#56=COLOUR_RGB('',4.9E-1,1.E0,0.E0);
#57=COLOUR_RGB('',5.E-1,0.E0,0.E0);
#58=COLOUR_RGB('',5.E-1,0.E0,2.3E-1);
#59=COLOUR_RGB('',5.E-1,5.E-1,5.E-1);
#60=COLOUR_RGB('',5.21569E-1,2.19608E-1,1.68627E-1);
#61=COLOUR_RGB('',5.3E-1,0.E0,0.E0);
#62=COLOUR_RGB('',5.29412E-1,5.80392E-1,6.5098E-1);
#63=COLOUR_RGB('',5.4E-1,0.E0,4.4E-1);
#64=COLOUR_RGB('',5.5E-1,3.E-1,0.E0);
#65=COLOUR_RGB('',5.6E-1,1.E-1,5.E-2);
#66=COLOUR_RGB('',5.60784E-1,5.80392E-1,6.19608E-1);
#67=COLOUR_RGB('',5.68627E-1,5.8824E-2,4.E-1);
#68=COLOUR_RGB('',5.8E-1,2.2E-1,1.E-2);
#69=COLOUR_RGB('',5.88235E-1,1.21569E-1,1.09804E-1);
#70=COLOUR_RGB('',6.E-1,6.E-1,6.E-1);
#71=COLOUR_RGB('',6.11765E-1,5.60784E-1,3.80392E-1);
#72=COLOUR_RGB('',6.11765E-1,6.11765E-1,6.5098E-1);
#73=COLOUR_RGB('',6.2E-1,0.E0,5.5E-1);
#74=COLOUR_RGB('',6.19608E-1,6.39216E-1,6.90196E-1);
#75=COLOUR_RGB('',6.35294E-1,6.86275E-1,7.4902E-1);
#76=COLOUR_RGB('',6.4E-1,0.E0,2.5E-1);
#77=COLOUR_RGB('',6.4E-1,1.E-2,0.E0);
#78=COLOUR_RGB('',6.39216E-1,5.4902E-1,4.78431E-1);
#79=COLOUR_RGB('',6.5098E-1,6.70588E-1,7.09804E-1);
#80=COLOUR_RGB('',6.70588E-1,1.21569E-1,1.09804E-1);
#81=COLOUR_RGB('',6.78431E-1,4.78431E-1,3.09804E-1);
#82=COLOUR_RGB('',6.8E-1,7.5E-1,1.E0);
#83=COLOUR_RGB('',7.09804E-1,7.0588E-2,2.E-1);
#84=COLOUR_RGB('',7.1E-1,3.1E-1,0.E0);
#85=COLOUR_RGB('',7.2E-1,7.2E-1,7.2E-1);
#86=COLOUR_RGB('',7.29412E-1,7.41176E-1,7.29412E-1);
#87=COLOUR_RGB('',7.41176E-1,7.29412E-1,6.70588E-1);
#88=COLOUR_RGB('',7.4E-1,1.E0,2.6E-1);
#89=COLOUR_RGB('',7.5E-1,3.E-2,0.E0);
#90=COLOUR_RGB('',7.4902E-1,8.90196E-1,7.29412E-1);
#91=COLOUR_RGB('',7.6E-1,0.E0,4.7E-1);
#92=COLOUR_RGB('',7.80392E-1,9.0196E-2,7.0588E-2);
#93=COLOUR_RGB('',7.88235E-1,2.19608E-1,5.4902E-1);
#94=COLOUR_RGB('',8.1E-1,4.E-2,0.E0);
#95=COLOUR_RGB('',8.1E-1,6.1E-1,0.E0);
#96=COLOUR_RGB('',8.2E-1,4.E-2,6.6E-1);
#97=COLOUR_RGB('',8.31373E-1,8.5098E-1,8.58824E-1);
#98=COLOUR_RGB('',8.5098E-1,7.29412E-1,5.4902E-1);
#99=COLOUR_RGB('',8.5E-1,8.5E-1,8.5E-1);
#100=COLOUR_RGB('',8.78431E-1,3.68627E-1,1.21569E-1);
#101=COLOUR_RGB('',8.784E-1,9.49E-1,1.E0);
#102=COLOUR_RGB('',8.90196E-1,5.88235E-1,1.41176E-1);
#103=COLOUR_RGB('',9.E-1,1.E0,0.E0);
#104=COLOUR_RGB('',9.09804E-1,6.11765E-1,7.09804E-1);
#105=COLOUR_RGB('',9.37E-1,7.85E-1,0.E0);
#106=COLOUR_RGB('',9.41176E-1,9.29412E-1,9.01961E-1);
#107=COLOUR_RGB('',9.5E-1,2.2E-1,8.1E-1);
#108=COLOUR_RGB('',9.6E-1,3.7E-1,3.E-1);
#109=COLOUR_RGB('',9.6E-1,7.1E-1,3.75E-1);
#110=COLOUR_RGB('',9.80392E-1,1.E0,1.E0);
#111=COLOUR_RGB('',9.88235E-1,1.09804E-1,7.8431E-2);
#112=COLOUR_RGB('',9.88235E-1,7.21569E-1,1.29412E-1);
#113=COLOUR_RGB('',9.88235E-1,9.21569E-1,8.E-1);
#114=DRAUGHTING_PRE_DEFINED_COLOUR('red');
#115=COLOUR_RGB('',1.E0,0.E0,6.1E-1);
#116=COLOUR_RGB('',1.E0,4.E-2,0.E0);
#117=COLOUR_RGB('',1.E0,2.3E-1,0.E0);
#118=COLOUR_RGB('',1.E0,3.5E-1,5.2E-1);
#119=COLOUR_RGB('',1.E0,3.6E-1,0.E0);
#120=COLOUR_RGB('',1.E0,3.88235E-1,2.11765E-1);
#121=COLOUR_RGB('',1.E0,4.9E-1,3.7E-1);
#122=COLOUR_RGB('',1.E0,5.E-1,0.E0);
#123=COLOUR_RGB('',1.E0,5.6E-1,7.8E-1);
#124=COLOUR_RGB('',1.E0,6.4E-1,4.9E-1);
#125=COLOUR_RGB('',1.E0,6.7E-1,0.E0);
#126=COLOUR_RGB('',1.E0,7.6E-1,6.5E-1);
#127=COLOUR_RGB('',1.E0,8.39216E-1,3.01961E-1);
#128=COLOUR_RGB('',1.E0,8.6E-1,4.E-2);
#129=COLOUR_RGB('',1.E0,9.60784E-1,2.58824E-1);
#130=COLOUR_RGB('',1.E0,9.60784E-1,8.90196E-1);
#131=COLOUR_RGB('',1.E0,9.8E-1,7.2E-1);
#132=DRAUGHTING_PRE_DEFINED_COLOUR('yellow');
#133=COLOUR_RGB('',1.E0,1.E0,3.9216E-2);
#134=DRAUGHTING_PRE_DEFINED_COLOUR('white');
#139=CIRCLE('',#138,3.5E0);
#144=CIRCLE('',#143,3.5E0);
#149=CIRCLE('',#148,3.5E0);
#154=CIRCLE('',#153,3.5E0);
#167=CIRCLE('',#166,3.820871215252E0);
#172=CIRCLE('',#171,5.5E-1);
#177=CIRCLE('',#176,3.5E0);
#190=CIRCLE('',#189,3.820871215252E0);
#195=CIRCLE('',#194,5.5E-1);
#200=CIRCLE('',#199,3.820871215252E0);
#205=CIRCLE('',#204,5.5E-1);
#210=CIRCLE('',#209,5.E-1);
#215=CIRCLE('',#214,3.5E0);
#220=CIRCLE('',#219,3.75E0);
#225=CIRCLE('',#224,3.75E0);
#230=CIRCLE('',#229,5.E-1);
#235=CIRCLE('',#234,3.5E0);
#240=CIRCLE('',#239,5.E-1);
#245=CIRCLE('',#244,3.983226605203E0);
#250=CIRCLE('',#249,5.E-1);
#255=CIRCLE('',#254,3.983226605203E0);
#268=CIRCLE('',#267,5.E-1);
#273=CIRCLE('',#272,4.7E0);
#278=CIRCLE('',#277,4.683226605203E0);
#283=CIRCLE('',#282,4.683226605203E0);
#288=CIRCLE('',#287,5.E-1);
#293=CIRCLE('',#292,4.7E0);
#306=CIRCLE('',#305,4.7E0);
#311=CIRCLE('',#310,4.7E0);
#316=CIRCLE('',#315,3.5E0);
#321=CIRCLE('',#320,3.5E0);
#334=CIRCLE('',#333,3.5E0);
#339=CIRCLE('',#338,3.6E0);
#373=B_SPLINE_CURVE_WITH_KNOTS('',3,(#348,#349,#350,#351,#352,#353,#354,#355,
#356,#357,#358,#359,#360,#361,#362,#363,#364,#365,#366,#367,#368,#369,#370,#371,
#372),.UNSPECIFIED.,.F.,.F.,(4,1,1,1,1,1,1,1,1,1,1,1,1,1,1,1,1,1,1,1,1,1,4),(
0.E0,4.545454545455E-2,9.090909090909E-2,1.363636363636E-1,1.818181818182E-1,
2.272727272727E-1,2.727272727273E-1,3.181818181818E-1,3.636363636364E-1,
4.090909090909E-1,4.545454545455E-1,5.E-1,5.454545454545E-1,5.909090909091E-1,
6.363636363636E-1,6.818181818182E-1,7.272727272727E-1,7.727272727273E-1,
8.181818181818E-1,8.636363636364E-1,9.090909090909E-1,9.545454545455E-1,1.E0),
.UNSPECIFIED.);
#399=B_SPLINE_CURVE_WITH_KNOTS('',3,(#374,#375,#376,#377,#378,#379,#380,#381,
#382,#383,#384,#385,#386,#387,#388,#389,#390,#391,#392,#393,#394,#395,#396,#397,
#398),.UNSPECIFIED.,.F.,.F.,(4,1,1,1,1,1,1,1,1,1,1,1,1,1,1,1,1,1,1,1,1,1,4),(
0.E0,4.545454545455E-2,9.090909090909E-2,1.363636363636E-1,1.818181818182E-1,
2.272727272727E-1,2.727272727273E-1,3.181818181818E-1,3.636363636364E-1,
4.090909090909E-1,4.545454545455E-1,5.E-1,5.454545454545E-1,5.909090909091E-1,
6.363636363636E-1,6.818181818182E-1,7.272727272727E-1,7.727272727273E-1,
8.181818181818E-1,8.636363636364E-1,9.090909090909E-1,9.545454545455E-1,1.E0),
.UNSPECIFIED.);
#424=CIRCLE('',#423,3.4E0);
#429=CIRCLE('',#428,3.4E0);
#455=B_SPLINE_CURVE_WITH_KNOTS('',3,(#430,#431,#432,#433,#434,#435,#436,#437,
#438,#439,#440,#441,#442,#443,#444,#445,#446,#447,#448,#449,#450,#451,#452,#453,
#454),.UNSPECIFIED.,.F.,.F.,(4,1,1,1,1,1,1,1,1,1,1,1,1,1,1,1,1,1,1,1,1,1,4),(
0.E0,4.545454545455E-2,9.090909090909E-2,1.363636363636E-1,1.818181818182E-1,
2.272727272727E-1,2.727272727273E-1,3.181818181818E-1,3.636363636364E-1,
4.090909090909E-1,4.545454545455E-1,5.E-1,5.454545454545E-1,5.909090909091E-1,
6.363636363636E-1,6.818181818182E-1,7.272727272727E-1,7.727272727273E-1,
8.181818181818E-1,8.636363636364E-1,9.090909090909E-1,9.545454545455E-1,1.E0),
.UNSPECIFIED.);
#481=B_SPLINE_CURVE_WITH_KNOTS('',3,(#456,#457,#458,#459,#460,#461,#462,#463,
#464,#465,#466,#467,#468,#469,#470,#471,#472,#473,#474,#475,#476,#477,#478,#479,
#480),.UNSPECIFIED.,.F.,.F.,(4,1,1,1,1,1,1,1,1,1,1,1,1,1,1,1,1,1,1,1,1,1,4),(
0.E0,4.545454545455E-2,9.090909090909E-2,1.363636363636E-1,1.818181818182E-1,
2.272727272727E-1,2.727272727273E-1,3.181818181818E-1,3.636363636364E-1,
4.090909090909E-1,4.545454545455E-1,5.E-1,5.454545454545E-1,5.909090909091E-1,
6.363636363636E-1,6.818181818182E-1,7.272727272727E-1,7.727272727273E-1,
8.181818181818E-1,8.636363636364E-1,9.090909090909E-1,9.545454545455E-1,1.E0),
.UNSPECIFIED.);
#486=CIRCLE('',#485,3.5E0);
#495=CIRCLE('',#494,3.6E0);
#525=B_SPLINE_CURVE_WITH_KNOTS('',3,(#500,#501,#502,#503,#504,#505,#506,#507,
#508,#509,#510,#511,#512,#513,#514,#515,#516,#517,#518,#519,#520,#521,#522,#523,
#524),.UNSPECIFIED.,.F.,.F.,(4,1,1,1,1,1,1,1,1,1,1,1,1,1,1,1,1,1,1,1,1,1,4),(
0.E0,4.545454545455E-2,9.090909090909E-2,1.363636363636E-1,1.818181818182E-1,
2.272727272727E-1,2.727272727273E-1,3.181818181818E-1,3.636363636364E-1,
4.090909090909E-1,4.545454545455E-1,5.E-1,5.454545454545E-1,5.909090909091E-1,
6.363636363636E-1,6.818181818182E-1,7.272727272727E-1,7.727272727273E-1,
8.181818181818E-1,8.636363636364E-1,9.090909090909E-1,9.545454545455E-1,1.E0),
.UNSPECIFIED.);
#551=B_SPLINE_CURVE_WITH_KNOTS('',3,(#526,#527,#528,#529,#530,#531,#532,#533,
#534,#535,#536,#537,#538,#539,#540,#541,#542,#543,#544,#545,#546,#547,#548,#549,
#550),.UNSPECIFIED.,.F.,.F.,(4,1,1,1,1,1,1,1,1,1,1,1,1,1,1,1,1,1,1,1,1,1,4),(
0.E0,4.545454545455E-2,9.090909090909E-2,1.363636363636E-1,1.818181818182E-1,
2.272727272727E-1,2.727272727273E-1,3.181818181818E-1,3.636363636364E-1,
4.090909090909E-1,4.545454545455E-1,5.E-1,5.454545454545E-1,5.909090909091E-1,
6.363636363636E-1,6.818181818182E-1,7.272727272727E-1,7.727272727273E-1,
8.181818181818E-1,8.636363636364E-1,9.090909090909E-1,9.545454545455E-1,1.E0),
.UNSPECIFIED.);
#556=CIRCLE('',#555,3.5E0);
#561=CIRCLE('',#560,3.6E0);
#611=B_SPLINE_CURVE_WITH_KNOTS('',3,(#586,#587,#588,#589,#590,#591,#592,#593,
#594,#595,#596,#597,#598,#599,#600,#601,#602,#603,#604,#605,#606,#607,#608,#609,
#610),.UNSPECIFIED.,.F.,.F.,(4,1,1,1,1,1,1,1,1,1,1,1,1,1,1,1,1,1,1,1,1,1,4),(
0.E0,4.545454545455E-2,9.090909090909E-2,1.363636363636E-1,1.818181818182E-1,
2.272727272727E-1,2.727272727273E-1,3.181818181818E-1,3.636363636364E-1,
4.090909090909E-1,4.545454545455E-1,5.E-1,5.454545454545E-1,5.909090909091E-1,
6.363636363636E-1,6.818181818182E-1,7.272727272727E-1,7.727272727273E-1,
8.181818181818E-1,8.636363636364E-1,9.090909090909E-1,9.545454545455E-1,1.E0),
.UNSPECIFIED.);
#637=B_SPLINE_CURVE_WITH_KNOTS('',3,(#612,#613,#614,#615,#616,#617,#618,#619,
#620,#621,#622,#623,#624,#625,#626,#627,#628,#629,#630,#631,#632,#633,#634,#635,
#636),.UNSPECIFIED.,.F.,.F.,(4,1,1,1,1,1,1,1,1,1,1,1,1,1,1,1,1,1,1,1,1,1,4),(
0.E0,4.545454545455E-2,9.090909090909E-2,1.363636363636E-1,1.818181818182E-1,
2.272727272727E-1,2.727272727273E-1,3.181818181818E-1,3.636363636364E-1,
4.090909090909E-1,4.545454545455E-1,5.E-1,5.454545454545E-1,5.909090909091E-1,
6.363636363636E-1,6.818181818182E-1,7.272727272727E-1,7.727272727273E-1,
8.181818181818E-1,8.636363636364E-1,9.090909090909E-1,9.545454545455E-1,1.E0),
.UNSPECIFIED.);
#663=B_SPLINE_CURVE_WITH_KNOTS('',3,(#638,#639,#640,#641,#642,#643,#644,#645,
#646,#647,#648,#649,#650,#651,#652,#653,#654,#655,#656,#657,#658,#659,#660,#661,
#662),.UNSPECIFIED.,.F.,.F.,(4,1,1,1,1,1,1,1,1,1,1,1,1,1,1,1,1,1,1,1,1,1,4),(
0.E0,4.545454545455E-2,9.090909090909E-2,1.363636363636E-1,1.818181818182E-1,
2.272727272727E-1,2.727272727273E-1,3.181818181818E-1,3.636363636364E-1,
4.090909090909E-1,4.545454545455E-1,5.E-1,5.454545454545E-1,5.909090909091E-1,
6.363636363636E-1,6.818181818182E-1,7.272727272727E-1,7.727272727273E-1,
8.181818181818E-1,8.636363636364E-1,9.090909090909E-1,9.545454545455E-1,1.E0),
.UNSPECIFIED.);
#689=B_SPLINE_CURVE_WITH_KNOTS('',3,(#664,#665,#666,#667,#668,#669,#670,#671,
#672,#673,#674,#675,#676,#677,#678,#679,#680,#681,#682,#683,#684,#685,#686,#687,
#688),.UNSPECIFIED.,.F.,.F.,(4,1,1,1,1,1,1,1,1,1,1,1,1,1,1,1,1,1,1,1,1,1,4),(
0.E0,4.545454545455E-2,9.090909090909E-2,1.363636363636E-1,1.818181818182E-1,
2.272727272727E-1,2.727272727273E-1,3.181818181818E-1,3.636363636364E-1,
4.090909090909E-1,4.545454545455E-1,5.E-1,5.454545454545E-1,5.909090909091E-1,
6.363636363636E-1,6.818181818182E-1,7.272727272727E-1,7.727272727273E-1,
8.181818181818E-1,8.636363636364E-1,9.090909090909E-1,9.545454545455E-1,1.E0),
.UNSPECIFIED.);
#694=CIRCLE('',#693,3.6E0);
#699=CIRCLE('',#698,3.6E0);
#708=CIRCLE('',#707,3.6E0);
#713=CIRCLE('',#712,3.6E0);
#739=B_SPLINE_CURVE_WITH_KNOTS('',3,(#714,#715,#716,#717,#718,#719,#720,#721,
#722,#723,#724,#725,#726,#727,#728,#729,#730,#731,#732,#733,#734,#735,#736,#737,
#738),.UNSPECIFIED.,.F.,.F.,(4,1,1,1,1,1,1,1,1,1,1,1,1,1,1,1,1,1,1,1,1,1,4),(
0.E0,4.545454545455E-2,9.090909090909E-2,1.363636363636E-1,1.818181818182E-1,
2.272727272727E-1,2.727272727273E-1,3.181818181818E-1,3.636363636364E-1,
4.090909090909E-1,4.545454545455E-1,5.E-1,5.454545454545E-1,5.909090909091E-1,
6.363636363636E-1,6.818181818182E-1,7.272727272727E-1,7.727272727273E-1,
8.181818181818E-1,8.636363636364E-1,9.090909090909E-1,9.545454545455E-1,1.E0),
.UNSPECIFIED.);
#765=B_SPLINE_CURVE_WITH_KNOTS('',3,(#740,#741,#742,#743,#744,#745,#746,#747,
#748,#749,#750,#751,#752,#753,#754,#755,#756,#757,#758,#759,#760,#761,#762,#763,
#764),.UNSPECIFIED.,.F.,.F.,(4,1,1,1,1,1,1,1,1,1,1,1,1,1,1,1,1,1,1,1,1,1,4),(
0.E0,4.545454545455E-2,9.090909090909E-2,1.363636363636E-1,1.818181818182E-1,
2.272727272727E-1,2.727272727273E-1,3.181818181818E-1,3.636363636364E-1,
4.090909090909E-1,4.545454545455E-1,5.E-1,5.454545454545E-1,5.909090909091E-1,
6.363636363636E-1,6.818181818182E-1,7.272727272727E-1,7.727272727273E-1,
8.181818181818E-1,8.636363636364E-1,9.090909090909E-1,9.545454545455E-1,1.E0),
.UNSPECIFIED.);
#791=B_SPLINE_CURVE_WITH_KNOTS('',3,(#766,#767,#768,#769,#770,#771,#772,#773,
#774,#775,#776,#777,#778,#779,#780,#781,#782,#783,#784,#785,#786,#787,#788,#789,
#790),.UNSPECIFIED.,.F.,.F.,(4,1,1,1,1,1,1,1,1,1,1,1,1,1,1,1,1,1,1,1,1,1,4),(
0.E0,4.545454545455E-2,9.090909090909E-2,1.363636363636E-1,1.818181818182E-1,
2.272727272727E-1,2.727272727273E-1,3.181818181818E-1,3.636363636364E-1,
4.090909090909E-1,4.545454545455E-1,5.E-1,5.454545454545E-1,5.909090909091E-1,
6.363636363636E-1,6.818181818182E-1,7.272727272727E-1,7.727272727273E-1,
8.181818181818E-1,8.636363636364E-1,9.090909090909E-1,9.545454545455E-1,1.E0),
.UNSPECIFIED.);
#817=B_SPLINE_CURVE_WITH_KNOTS('',3,(#792,#793,#794,#795,#796,#797,#798,#799,
#800,#801,#802,#803,#804,#805,#806,#807,#808,#809,#810,#811,#812,#813,#814,#815,
#816),.UNSPECIFIED.,.F.,.F.,(4,1,1,1,1,1,1,1,1,1,1,1,1,1,1,1,1,1,1,1,1,1,4),(
0.E0,4.545454545455E-2,9.090909090909E-2,1.363636363636E-1,1.818181818182E-1,
2.272727272727E-1,2.727272727273E-1,3.181818181818E-1,3.636363636364E-1,
4.090909090909E-1,4.545454545455E-1,5.E-1,5.454545454545E-1,5.909090909091E-1,
6.363636363636E-1,6.818181818182E-1,7.272727272727E-1,7.727272727273E-1,
8.181818181818E-1,8.636363636364E-1,9.090909090909E-1,9.545454545455E-1,1.E0),
.UNSPECIFIED.);
#843=B_SPLINE_CURVE_WITH_KNOTS('',3,(#818,#819,#820,#821,#822,#823,#824,#825,
#826,#827,#828,#829,#830,#831,#832,#833,#834,#835,#836,#837,#838,#839,#840,#841,
#842),.UNSPECIFIED.,.F.,.F.,(4,1,1,1,1,1,1,1,1,1,1,1,1,1,1,1,1,1,1,1,1,1,4),(
0.E0,4.545454545455E-2,9.090909090909E-2,1.363636363636E-1,1.818181818182E-1,
2.272727272727E-1,2.727272727273E-1,3.181818181818E-1,3.636363636364E-1,
4.090909090909E-1,4.545454545455E-1,5.E-1,5.454545454545E-1,5.909090909091E-1,
6.363636363636E-1,6.818181818182E-1,7.272727272727E-1,7.727272727273E-1,
8.181818181818E-1,8.636363636364E-1,9.090909090909E-1,9.545454545455E-1,1.E0),
.UNSPECIFIED.);
#869=B_SPLINE_CURVE_WITH_KNOTS('',3,(#844,#845,#846,#847,#848,#849,#850,#851,
#852,#853,#854,#855,#856,#857,#858,#859,#860,#861,#862,#863,#864,#865,#866,#867,
#868),.UNSPECIFIED.,.F.,.F.,(4,1,1,1,1,1,1,1,1,1,1,1,1,1,1,1,1,1,1,1,1,1,4),(
0.E0,4.545454545455E-2,9.090909090909E-2,1.363636363636E-1,1.818181818182E-1,
2.272727272727E-1,2.727272727273E-1,3.181818181818E-1,3.636363636364E-1,
4.090909090909E-1,4.545454545455E-1,5.E-1,5.454545454545E-1,5.909090909091E-1,
6.363636363636E-1,6.818181818182E-1,7.272727272727E-1,7.727272727273E-1,
8.181818181818E-1,8.636363636364E-1,9.090909090909E-1,9.545454545455E-1,1.E0),
.UNSPECIFIED.);
#874=CIRCLE('',#873,3.5E0);
#879=CIRCLE('',#878,3.6E0);
#892=CIRCLE('',#891,3.818802153517E0);
#897=CIRCLE('',#896,3.818802153517E0);
#902=CIRCLE('',#901,3.4E0);
#907=CIRCLE('',#906,3.4E0);
#932=B_SPLINE_CURVE_WITH_KNOTS('',3,(#908,#909,#910,#911,#912,#913,#914,#915,
#916,#917,#918,#919,#920,#921,#922,#923,#924,#925,#926,#927,#928,#929,#930,
#931),.UNSPECIFIED.,.F.,.F.,(4,1,1,1,1,1,1,1,1,1,1,1,1,1,1,1,1,1,1,1,1,4),(0.E0,
4.761904761905E-2,9.523809523810E-2,1.428571428571E-1,1.904761904762E-1,
2.380952380952E-1,2.857142857143E-1,3.333333333333E-1,3.809523809524E-1,
4.285714285714E-1,4.761904761905E-1,5.238095238095E-1,5.714285714286E-1,
6.190476190476E-1,6.666666666667E-1,7.142857142857E-1,7.619047619048E-1,
8.095238095238E-1,8.571428571429E-1,9.047619047619E-1,9.523809523810E-1,1.E0),
.UNSPECIFIED.);
#978=B_SPLINE_CURVE_WITH_KNOTS('',3,(#933,#934,#935,#936,#937,#938,#939,#940,
#941,#942,#943,#944,#945,#946,#947,#948,#949,#950,#951,#952,#953,#954,#955,#956,
#957,#958,#959,#960,#961,#962,#963,#964,#965,#966,#967,#968,#969,#970,#971,#972,
#973,#974,#975,#976,#977),.UNSPECIFIED.,.F.,.F.,(4,1,1,1,1,1,1,1,1,1,1,1,1,1,1,
1,1,1,1,1,1,1,1,1,1,1,1,1,1,1,1,1,1,1,1,1,1,1,1,1,1,1,4),(0.E0,
2.380952380952E-2,4.761904761905E-2,7.142857142857E-2,9.523809523810E-2,
1.190476190476E-1,1.428571428571E-1,1.666666666667E-1,1.904761904762E-1,
2.142857142857E-1,2.380952380952E-1,2.619047619048E-1,2.857142857143E-1,
3.095238095238E-1,3.333333333333E-1,3.571428571429E-1,3.809523809524E-1,
4.047619047619E-1,4.285714285714E-1,4.523809523810E-1,4.761904761905E-1,5.E-1,
5.238095238095E-1,5.476190476190E-1,5.714285714286E-1,5.952380952381E-1,
6.190476190476E-1,6.428571428571E-1,6.666666666667E-1,6.904761904762E-1,
7.142857142857E-1,7.380952380952E-1,7.619047619048E-1,7.857142857143E-1,
8.095238095238E-1,8.333333333333E-1,8.571428571429E-1,8.809523809524E-1,
9.047619047619E-1,9.285714285714E-1,9.523809523810E-1,9.761904761905E-1,1.E0),
.UNSPECIFIED.);
#1024=B_SPLINE_CURVE_WITH_KNOTS('',3,(#979,#980,#981,#982,#983,#984,#985,#986,
#987,#988,#989,#990,#991,#992,#993,#994,#995,#996,#997,#998,#999,#1000,#1001,
#1002,#1003,#1004,#1005,#1006,#1007,#1008,#1009,#1010,#1011,#1012,#1013,#1014,
#1015,#1016,#1017,#1018,#1019,#1020,#1021,#1022,#1023),.UNSPECIFIED.,.F.,.F.,(4,
1,1,1,1,1,1,1,1,1,1,1,1,1,1,1,1,1,1,1,1,1,1,1,1,1,1,1,1,1,1,1,1,1,1,1,1,1,1,1,1,
1,4),(0.E0,2.380952380952E-2,4.761904761905E-2,7.142857142857E-2,
9.523809523810E-2,1.190476190476E-1,1.428571428571E-1,1.666666666667E-1,
1.904761904762E-1,2.142857142857E-1,2.380952380952E-1,2.619047619048E-1,
2.857142857143E-1,3.095238095238E-1,3.333333333333E-1,3.571428571429E-1,
3.809523809524E-1,4.047619047619E-1,4.285714285714E-1,4.523809523810E-1,
4.761904761905E-1,5.E-1,5.238095238095E-1,5.476190476190E-1,5.714285714286E-1,
5.952380952381E-1,6.190476190476E-1,6.428571428571E-1,6.666666666667E-1,
6.904761904762E-1,7.142857142857E-1,7.380952380952E-1,7.619047619048E-1,
7.857142857143E-1,8.095238095238E-1,8.333333333333E-1,8.571428571429E-1,
8.809523809524E-1,9.047619047619E-1,9.285714285714E-1,9.523809523810E-1,
9.761904761905E-1,1.E0),.UNSPECIFIED.);
#1049=B_SPLINE_CURVE_WITH_KNOTS('',3,(#1025,#1026,#1027,#1028,#1029,#1030,#1031,
#1032,#1033,#1034,#1035,#1036,#1037,#1038,#1039,#1040,#1041,#1042,#1043,#1044,
#1045,#1046,#1047,#1048),.UNSPECIFIED.,.F.,.F.,(4,1,1,1,1,1,1,1,1,1,1,1,1,1,1,1,
1,1,1,1,1,4),(0.E0,4.761904761905E-2,9.523809523810E-2,1.428571428571E-1,
1.904761904762E-1,2.380952380952E-1,2.857142857143E-1,3.333333333333E-1,
3.809523809524E-1,4.285714285714E-1,4.761904761905E-1,5.238095238095E-1,
5.714285714286E-1,6.190476190476E-1,6.666666666667E-1,7.142857142857E-1,
7.619047619048E-1,8.095238095238E-1,8.571428571429E-1,9.047619047619E-1,
9.523809523810E-1,1.E0),.UNSPECIFIED.);
#1054=CIRCLE('',#1053,1.216666666667E0);
#1103=B_SPLINE_CURVE_WITH_KNOTS('',3,(#1079,#1080,#1081,#1082,#1083,#1084,#1085,
#1086,#1087,#1088,#1089,#1090,#1091,#1092,#1093,#1094,#1095,#1096,#1097,#1098,
#1099,#1100,#1101,#1102),.UNSPECIFIED.,.F.,.F.,(4,1,1,1,1,1,1,1,1,1,1,1,1,1,1,1,
1,1,1,1,1,4),(0.E0,4.761904761905E-2,9.523809523810E-2,1.428571428571E-1,
1.904761904762E-1,2.380952380952E-1,2.857142857143E-1,3.333333333333E-1,
3.809523809524E-1,4.285714285714E-1,4.761904761905E-1,5.238095238095E-1,
5.714285714286E-1,6.190476190476E-1,6.666666666667E-1,7.142857142857E-1,
7.619047619048E-1,8.095238095238E-1,8.571428571429E-1,9.047619047619E-1,
9.523809523810E-1,1.E0),.UNSPECIFIED.);
#1128=B_SPLINE_CURVE_WITH_KNOTS('',3,(#1104,#1105,#1106,#1107,#1108,#1109,#1110,
#1111,#1112,#1113,#1114,#1115,#1116,#1117,#1118,#1119,#1120,#1121,#1122,#1123,
#1124,#1125,#1126,#1127),.UNSPECIFIED.,.F.,.F.,(4,1,1,1,1,1,1,1,1,1,1,1,1,1,1,1,
1,1,1,1,1,4),(0.E0,4.761904761905E-2,9.523809523810E-2,1.428571428571E-1,
1.904761904762E-1,2.380952380952E-1,2.857142857143E-1,3.333333333333E-1,
3.809523809524E-1,4.285714285714E-1,4.761904761905E-1,5.238095238095E-1,
5.714285714286E-1,6.190476190476E-1,6.666666666667E-1,7.142857142857E-1,
7.619047619048E-1,8.095238095238E-1,8.571428571429E-1,9.047619047619E-1,
9.523809523810E-1,1.E0),.UNSPECIFIED.);
#1133=CIRCLE('',#1132,4.E0);
#1162=B_SPLINE_CURVE_WITH_KNOTS('',3,(#1138,#1139,#1140,#1141,#1142,#1143,#1144,
#1145,#1146,#1147,#1148,#1149,#1150,#1151,#1152,#1153,#1154,#1155,#1156,#1157,
#1158,#1159,#1160,#1161),.UNSPECIFIED.,.F.,.F.,(4,1,1,1,1,1,1,1,1,1,1,1,1,1,1,1,
1,1,1,1,1,4),(0.E0,4.761904761905E-2,9.523809523810E-2,1.428571428571E-1,
1.904761904762E-1,2.380952380952E-1,2.857142857143E-1,3.333333333333E-1,
3.809523809524E-1,4.285714285714E-1,4.761904761905E-1,5.238095238095E-1,
5.714285714286E-1,6.190476190476E-1,6.666666666667E-1,7.142857142857E-1,
7.619047619048E-1,8.095238095238E-1,8.571428571429E-1,9.047619047619E-1,
9.523809523810E-1,1.E0),.UNSPECIFIED.);
#1187=B_SPLINE_CURVE_WITH_KNOTS('',3,(#1163,#1164,#1165,#1166,#1167,#1168,#1169,
#1170,#1171,#1172,#1173,#1174,#1175,#1176,#1177,#1178,#1179,#1180,#1181,#1182,
#1183,#1184,#1185,#1186),.UNSPECIFIED.,.F.,.F.,(4,1,1,1,1,1,1,1,1,1,1,1,1,1,1,1,
1,1,1,1,1,4),(0.E0,4.761904761905E-2,9.523809523810E-2,1.428571428571E-1,
1.904761904762E-1,2.380952380952E-1,2.857142857143E-1,3.333333333333E-1,
3.809523809524E-1,4.285714285714E-1,4.761904761905E-1,5.238095238095E-1,
5.714285714286E-1,6.190476190476E-1,6.666666666667E-1,7.142857142857E-1,
7.619047619048E-1,8.095238095238E-1,8.571428571429E-1,9.047619047619E-1,
9.523809523810E-1,1.E0),.UNSPECIFIED.);
#1192=CIRCLE('',#1191,4.E0);
#1197=CIRCLE('',#1196,4.E0);
#1206=CIRCLE('',#1205,4.E0);
#1211=CIRCLE('',#1210,4.E0);
#1216=CIRCLE('',#1215,2.88E0);
#1221=CIRCLE('',#1220,2.88E0);
#1230=CIRCLE('',#1229,2.68E0);
#1235=CIRCLE('',#1234,2.68E0);
#1252=CIRCLE('',#1251,2.68E0);
#1257=CIRCLE('',#1256,2.68E0);
#1262=CIRCLE('',#1261,2.295E0);
#1271=CIRCLE('',#1270,2.295E0);
#1280=CIRCLE('',#1279,2.295E0);
#1285=CIRCLE('',#1284,2.295E0);
#1290=CIRCLE('',#1289,5.E-2);
#1295=CIRCLE('',#1294,5.E-2);
#1300=CIRCLE('',#1299,2.812783411852E-2);
#1309=CIRCLE('',#1308,2.812783411852E-2);
#1338=B_SPLINE_CURVE_WITH_KNOTS('',3,(#1314,#1315,#1316,#1317,#1318,#1319,#1320,
#1321,#1322,#1323,#1324,#1325,#1326,#1327,#1328,#1329,#1330,#1331,#1332,#1333,
#1334,#1335,#1336,#1337),.UNSPECIFIED.,.F.,.F.,(4,1,1,1,1,1,1,1,1,1,1,1,1,1,1,1,
1,1,1,1,1,4),(0.E0,4.761904761905E-2,9.523809523810E-2,1.428571428571E-1,
1.904761904762E-1,2.380952380952E-1,2.857142857143E-1,3.333333333333E-1,
3.809523809524E-1,4.285714285714E-1,4.761904761905E-1,5.238095238095E-1,
5.714285714286E-1,6.190476190476E-1,6.666666666667E-1,7.142857142857E-1,
7.619047619048E-1,8.095238095238E-1,8.571428571429E-1,9.047619047619E-1,
9.523809523810E-1,1.E0),.UNSPECIFIED.);
#1363=B_SPLINE_CURVE_WITH_KNOTS('',3,(#1339,#1340,#1341,#1342,#1343,#1344,#1345,
#1346,#1347,#1348,#1349,#1350,#1351,#1352,#1353,#1354,#1355,#1356,#1357,#1358,
#1359,#1360,#1361,#1362),.UNSPECIFIED.,.F.,.F.,(4,1,1,1,1,1,1,1,1,1,1,1,1,1,1,1,
1,1,1,1,1,4),(0.E0,4.761904761905E-2,9.523809523810E-2,1.428571428571E-1,
1.904761904762E-1,2.380952380952E-1,2.857142857143E-1,3.333333333333E-1,
3.809523809524E-1,4.285714285714E-1,4.761904761905E-1,5.238095238095E-1,
5.714285714286E-1,6.190476190476E-1,6.666666666667E-1,7.142857142857E-1,
7.619047619048E-1,8.095238095238E-1,8.571428571429E-1,9.047619047619E-1,
9.523809523810E-1,1.E0),.UNSPECIFIED.);
#1368=CIRCLE('',#1367,4.E0);
#1373=CIRCLE('',#1372,4.E0);
#1398=B_SPLINE_CURVE_WITH_KNOTS('',3,(#1374,#1375,#1376,#1377,#1378,#1379,#1380,
#1381,#1382,#1383,#1384,#1385,#1386,#1387,#1388,#1389,#1390,#1391,#1392,#1393,
#1394,#1395,#1396,#1397),.UNSPECIFIED.,.F.,.F.,(4,1,1,1,1,1,1,1,1,1,1,1,1,1,1,1,
1,1,1,1,1,4),(0.E0,4.761904761905E-2,9.523809523810E-2,1.428571428571E-1,
1.904761904762E-1,2.380952380952E-1,2.857142857143E-1,3.333333333333E-1,
3.809523809524E-1,4.285714285714E-1,4.761904761905E-1,5.238095238095E-1,
5.714285714286E-1,6.190476190476E-1,6.666666666667E-1,7.142857142857E-1,
7.619047619048E-1,8.095238095238E-1,8.571428571429E-1,9.047619047619E-1,
9.523809523810E-1,1.E0),.UNSPECIFIED.);
#1423=B_SPLINE_CURVE_WITH_KNOTS('',3,(#1399,#1400,#1401,#1402,#1403,#1404,#1405,
#1406,#1407,#1408,#1409,#1410,#1411,#1412,#1413,#1414,#1415,#1416,#1417,#1418,
#1419,#1420,#1421,#1422),.UNSPECIFIED.,.F.,.F.,(4,1,1,1,1,1,1,1,1,1,1,1,1,1,1,1,
1,1,1,1,1,4),(0.E0,4.761904761905E-2,9.523809523810E-2,1.428571428571E-1,
1.904761904762E-1,2.380952380952E-1,2.857142857143E-1,3.333333333333E-1,
3.809523809524E-1,4.285714285714E-1,4.761904761905E-1,5.238095238095E-1,
5.714285714286E-1,6.190476190476E-1,6.666666666667E-1,7.142857142857E-1,
7.619047619048E-1,8.095238095238E-1,8.571428571429E-1,9.047619047619E-1,
9.523809523810E-1,1.E0),.UNSPECIFIED.);
#1428=CIRCLE('',#1427,4.E0);
#1453=B_SPLINE_CURVE_WITH_KNOTS('',3,(#1429,#1430,#1431,#1432,#1433,#1434,#1435,
#1436,#1437,#1438,#1439,#1440,#1441,#1442,#1443,#1444,#1445,#1446,#1447,#1448,
#1449,#1450,#1451,#1452),.UNSPECIFIED.,.F.,.F.,(4,1,1,1,1,1,1,1,1,1,1,1,1,1,1,1,
1,1,1,1,1,4),(0.E0,4.761904761905E-2,9.523809523810E-2,1.428571428571E-1,
1.904761904762E-1,2.380952380952E-1,2.857142857143E-1,3.333333333333E-1,
3.809523809524E-1,4.285714285714E-1,4.761904761905E-1,5.238095238095E-1,
5.714285714286E-1,6.190476190476E-1,6.666666666667E-1,7.142857142857E-1,
7.619047619048E-1,8.095238095238E-1,8.571428571429E-1,9.047619047619E-1,
9.523809523810E-1,1.E0),.UNSPECIFIED.);
#1478=B_SPLINE_CURVE_WITH_KNOTS('',3,(#1454,#1455,#1456,#1457,#1458,#1459,#1460,
#1461,#1462,#1463,#1464,#1465,#1466,#1467,#1468,#1469,#1470,#1471,#1472,#1473,
#1474,#1475,#1476,#1477),.UNSPECIFIED.,.F.,.F.,(4,1,1,1,1,1,1,1,1,1,1,1,1,1,1,1,
1,1,1,1,1,4),(0.E0,4.761904761905E-2,9.523809523810E-2,1.428571428571E-1,
1.904761904762E-1,2.380952380952E-1,2.857142857143E-1,3.333333333333E-1,
3.809523809524E-1,4.285714285714E-1,4.761904761905E-1,5.238095238095E-1,
5.714285714286E-1,6.190476190476E-1,6.666666666667E-1,7.142857142857E-1,
7.619047619048E-1,8.095238095238E-1,8.571428571429E-1,9.047619047619E-1,
9.523809523810E-1,1.E0),.UNSPECIFIED.);
#1483=CIRCLE('',#1482,4.E0);
#1508=B_SPLINE_CURVE_WITH_KNOTS('',3,(#1484,#1485,#1486,#1487,#1488,#1489,#1490,
#1491,#1492,#1493,#1494,#1495,#1496,#1497,#1498,#1499,#1500,#1501,#1502,#1503,
#1504,#1505,#1506,#1507),.UNSPECIFIED.,.F.,.F.,(4,1,1,1,1,1,1,1,1,1,1,1,1,1,1,1,
1,1,1,1,1,4),(0.E0,4.761904761905E-2,9.523809523810E-2,1.428571428571E-1,
1.904761904762E-1,2.380952380952E-1,2.857142857143E-1,3.333333333333E-1,
3.809523809524E-1,4.285714285714E-1,4.761904761905E-1,5.238095238095E-1,
5.714285714286E-1,6.190476190476E-1,6.666666666667E-1,7.142857142857E-1,
7.619047619048E-1,8.095238095238E-1,8.571428571429E-1,9.047619047619E-1,
9.523809523810E-1,1.E0),.UNSPECIFIED.);
#1533=B_SPLINE_CURVE_WITH_KNOTS('',3,(#1509,#1510,#1511,#1512,#1513,#1514,#1515,
#1516,#1517,#1518,#1519,#1520,#1521,#1522,#1523,#1524,#1525,#1526,#1527,#1528,
#1529,#1530,#1531,#1532),.UNSPECIFIED.,.F.,.F.,(4,1,1,1,1,1,1,1,1,1,1,1,1,1,1,1,
1,1,1,1,1,4),(0.E0,4.761904761905E-2,9.523809523810E-2,1.428571428571E-1,
1.904761904762E-1,2.380952380952E-1,2.857142857143E-1,3.333333333333E-1,
3.809523809524E-1,4.285714285714E-1,4.761904761905E-1,5.238095238095E-1,
5.714285714286E-1,6.190476190476E-1,6.666666666667E-1,7.142857142857E-1,
7.619047619048E-1,8.095238095238E-1,8.571428571429E-1,9.047619047619E-1,
9.523809523810E-1,1.E0),.UNSPECIFIED.);
#1538=CIRCLE('',#1537,4.E0);
#1543=CIRCLE('',#1542,1.216666666667E0);
#1568=B_SPLINE_CURVE_WITH_KNOTS('',3,(#1544,#1545,#1546,#1547,#1548,#1549,#1550,
#1551,#1552,#1553,#1554,#1555,#1556,#1557,#1558,#1559,#1560,#1561,#1562,#1563,
#1564,#1565,#1566,#1567),.UNSPECIFIED.,.F.,.F.,(4,1,1,1,1,1,1,1,1,1,1,1,1,1,1,1,
1,1,1,1,1,4),(0.E0,4.761904761905E-2,9.523809523810E-2,1.428571428571E-1,
1.904761904762E-1,2.380952380952E-1,2.857142857143E-1,3.333333333333E-1,
3.809523809524E-1,4.285714285714E-1,4.761904761905E-1,5.238095238095E-1,
5.714285714286E-1,6.190476190476E-1,6.666666666667E-1,7.142857142857E-1,
7.619047619048E-1,8.095238095238E-1,8.571428571429E-1,9.047619047619E-1,
9.523809523810E-1,1.E0),.UNSPECIFIED.);
#1614=B_SPLINE_CURVE_WITH_KNOTS('',3,(#1569,#1570,#1571,#1572,#1573,#1574,#1575,
#1576,#1577,#1578,#1579,#1580,#1581,#1582,#1583,#1584,#1585,#1586,#1587,#1588,
#1589,#1590,#1591,#1592,#1593,#1594,#1595,#1596,#1597,#1598,#1599,#1600,#1601,
#1602,#1603,#1604,#1605,#1606,#1607,#1608,#1609,#1610,#1611,#1612,#1613),
.UNSPECIFIED.,.F.,.F.,(4,1,1,1,1,1,1,1,1,1,1,1,1,1,1,1,1,1,1,1,1,1,1,1,1,1,1,1,
1,1,1,1,1,1,1,1,1,1,1,1,1,1,4),(0.E0,2.380952380952E-2,4.761904761905E-2,
7.142857142857E-2,9.523809523810E-2,1.190476190476E-1,1.428571428571E-1,
1.666666666667E-1,1.904761904762E-1,2.142857142857E-1,2.380952380952E-1,
2.619047619048E-1,2.857142857143E-1,3.095238095238E-1,3.333333333333E-1,
3.571428571429E-1,3.809523809524E-1,4.047619047619E-1,4.285714285714E-1,
4.523809523810E-1,4.761904761905E-1,5.E-1,5.238095238095E-1,5.476190476190E-1,
5.714285714286E-1,5.952380952381E-1,6.190476190476E-1,6.428571428571E-1,
6.666666666667E-1,6.904761904762E-1,7.142857142857E-1,7.380952380952E-1,
7.619047619048E-1,7.857142857143E-1,8.095238095238E-1,8.333333333333E-1,
8.571428571429E-1,8.809523809524E-1,9.047619047619E-1,9.285714285714E-1,
9.523809523810E-1,9.761904761905E-1,1.E0),.UNSPECIFIED.);
#1660=B_SPLINE_CURVE_WITH_KNOTS('',3,(#1615,#1616,#1617,#1618,#1619,#1620,#1621,
#1622,#1623,#1624,#1625,#1626,#1627,#1628,#1629,#1630,#1631,#1632,#1633,#1634,
#1635,#1636,#1637,#1638,#1639,#1640,#1641,#1642,#1643,#1644,#1645,#1646,#1647,
#1648,#1649,#1650,#1651,#1652,#1653,#1654,#1655,#1656,#1657,#1658,#1659),
.UNSPECIFIED.,.F.,.F.,(4,1,1,1,1,1,1,1,1,1,1,1,1,1,1,1,1,1,1,1,1,1,1,1,1,1,1,1,
1,1,1,1,1,1,1,1,1,1,1,1,1,1,4),(0.E0,2.380952380952E-2,4.761904761905E-2,
7.142857142857E-2,9.523809523810E-2,1.190476190476E-1,1.428571428571E-1,
1.666666666667E-1,1.904761904762E-1,2.142857142857E-1,2.380952380952E-1,
2.619047619048E-1,2.857142857143E-1,3.095238095238E-1,3.333333333333E-1,
3.571428571429E-1,3.809523809524E-1,4.047619047619E-1,4.285714285714E-1,
4.523809523810E-1,4.761904761905E-1,5.E-1,5.238095238095E-1,5.476190476190E-1,
5.714285714286E-1,5.952380952381E-1,6.190476190476E-1,6.428571428571E-1,
6.666666666667E-1,6.904761904762E-1,7.142857142857E-1,7.380952380952E-1,
7.619047619048E-1,7.857142857143E-1,8.095238095238E-1,8.333333333333E-1,
8.571428571429E-1,8.809523809524E-1,9.047619047619E-1,9.285714285714E-1,
9.523809523810E-1,9.761904761905E-1,1.E0),.UNSPECIFIED.);
#1685=B_SPLINE_CURVE_WITH_KNOTS('',3,(#1661,#1662,#1663,#1664,#1665,#1666,#1667,
#1668,#1669,#1670,#1671,#1672,#1673,#1674,#1675,#1676,#1677,#1678,#1679,#1680,
#1681,#1682,#1683,#1684),.UNSPECIFIED.,.F.,.F.,(4,1,1,1,1,1,1,1,1,1,1,1,1,1,1,1,
1,1,1,1,1,4),(0.E0,4.761904761905E-2,9.523809523810E-2,1.428571428571E-1,
1.904761904762E-1,2.380952380952E-1,2.857142857143E-1,3.333333333333E-1,
3.809523809524E-1,4.285714285714E-1,4.761904761905E-1,5.238095238095E-1,
5.714285714286E-1,6.190476190476E-1,6.666666666667E-1,7.142857142857E-1,
7.619047619048E-1,8.095238095238E-1,8.571428571429E-1,9.047619047619E-1,
9.523809523810E-1,1.E0),.UNSPECIFIED.);
#1690=CIRCLE('',#1689,3.820871215252E0);
#1695=CIRCLE('',#1694,5.5E-1);
#1700=CIRCLE('',#1699,3.5E0);
#1870=EDGE_CURVE('',#1731,#1732,#139,.T.);
#1872=EDGE_CURVE('',#1734,#1731,#144,.T.);
#1874=EDGE_CURVE('',#1734,#1732,#149,.T.);
#1878=ADVANCED_FACE('',(#1877),#1869,.T.);
#1885=EDGE_CURVE('',#1731,#1734,#154,.T.);
#1890=ADVANCED_FACE('',(#1889),#1883,.T.);
#1896=EDGE_CURVE('',#1720,#1734,#162,.T.);
#1898=EDGE_CURVE('',#1720,#1719,#1700,.T.);
#1900=EDGE_CURVE('',#1731,#1719,#158,.T.);
#1905=ADVANCED_FACE('',(#1904),#1895,.T.);
#1912=EDGE_CURVE('',#1719,#1720,#177,.T.);
#1918=ADVANCED_FACE('',(#1917),#1910,.T.);
#1924=EDGE_CURVE('',#1851,#1852,#167,.T.);
#1926=EDGE_CURVE('',#1720,#1851,#172,.T.);
#1929=EDGE_CURVE('',#1719,#1852,#1695,.T.);
#1933=ADVANCED_FACE('',(#1932),#1923,.T.);
#1939=EDGE_CURVE('',#1852,#1847,#181,.T.);
#1941=EDGE_CURVE('',#1848,#1847,#200,.T.);
#1943=EDGE_CURVE('',#1848,#1851,#185,.T.);
#1948=ADVANCED_FACE('',(#1947),#1938,.T.);
#1955=EDGE_CURVE('',#1847,#1848,#190,.T.);
#1958=EDGE_CURVE('',#1852,#1851,#1690,.T.);
#1962=ADVANCED_FACE('',(#1961),#1953,.T.);
#1969=EDGE_CURVE('',#1848,#1703,#205,.T.);
#1971=EDGE_CURVE('',#1703,#1704,#235,.T.);
#1973=EDGE_CURVE('',#1847,#1704,#195,.T.);
#1977=ADVANCED_FACE('',(#1976),#1967,.T.);
#1985=EDGE_CURVE('',#1704,#1703,#215,.T.);
#1990=ADVANCED_FACE('',(#1989),#1982,.T.);
#1996=EDGE_CURVE('',#1703,#1707,#210,.T.);
#1999=EDGE_CURVE('',#1704,#1708,#230,.T.);
#2001=EDGE_CURVE('',#1707,#1708,#220,.T.);
#2005=ADVANCED_FACE('',(#2004),#1995,.F.);
#2011=EDGE_CURVE('',#1708,#1707,#225,.T.);
#2018=ADVANCED_FACE('',(#2017),#2010,.F.);
#2024=EDGE_CURVE('',#1714,#1707,#240,.T.);
#2026=EDGE_CURVE('',#1724,#1714,#245,.T.);
#2028=EDGE_CURVE('',#1724,#1708,#250,.T.);
#2033=ADVANCED_FACE('',(#2032),#2023,.T.);
#2041=EDGE_CURVE('',#1714,#1724,#255,.T.);
#2046=ADVANCED_FACE('',(#2045),#2038,.T.);
#2053=EDGE_CURVE('',#1712,#1724,#259,.T.);
#2055=EDGE_CURVE('',#1712,#1711,#283,.T.);
#2057=EDGE_CURVE('',#1711,#1714,#263,.T.);
#2061=ADVANCED_FACE('',(#2060),#2051,.T.);
#2068=EDGE_CURVE('',#1711,#1712,#278,.T.);
#2074=ADVANCED_FACE('',(#2073),#2066,.T.);
#2080=EDGE_CURVE('',#1716,#1711,#268,.T.);
#2082=EDGE_CURVE('',#1722,#1716,#273,.T.);
#2084=EDGE_CURVE('',#1722,#1712,#288,.T.);
#2089=ADVANCED_FACE('',(#2088),#2079,.T.);
#2097=EDGE_CURVE('',#1716,#1722,#293,.T.);
#2102=ADVANCED_FACE('',(#2101),#2094,.T.);
#2109=EDGE_CURVE('',#1726,#1722,#297,.T.);
#2111=EDGE_CURVE('',#1726,#1728,#306,.T.);
#2113=EDGE_CURVE('',#1728,#1716,#301,.T.);
#2117=ADVANCED_FACE('',(#2116),#2107,.T.);
#2124=EDGE_CURVE('',#1728,#1726,#311,.T.);
#2130=ADVANCED_FACE('',(#2129),#2122,.T.);
#2140=EDGE_CURVE('',#1827,#1828,#316,.T.);
#2142=EDGE_CURVE('',#1828,#1827,#321,.T.);
#2146=ADVANCED_FACE('',(#2139,#2145),#2135,.T.);
#2153=EDGE_CURVE('',#1766,#1827,#325,.T.);
#2155=EDGE_CURVE('',#1766,#1767,#486,.T.);
#2157=EDGE_CURVE('',#1767,#1793,#874,.T.);
#2159=EDGE_CURVE('',#1793,#1828,#329,.T.);
#2163=ADVANCED_FACE('',(#2162),#2151,.T.);
#2171=EDGE_CURVE('',#1793,#1811,#334,.T.);
#2173=EDGE_CURVE('',#1811,#1766,#556,.T.);
#2178=ADVANCED_FACE('',(#2177),#2168,.T.);
#2185=EDGE_CURVE('',#1793,#1824,#343,.T.);
#2187=EDGE_CURVE('',#1810,#1824,#339,.T.);
#2189=EDGE_CURVE('',#1810,#1811,#585,.T.);
#2193=ADVANCED_FACE('',(#2192),#2183,.F.);
#2199=EDGE_CURVE('',#1820,#1783,#399,.T.);
#2201=EDGE_CURVE('',#1783,#1774,#411,.T.);
#2203=EDGE_CURVE('',#1774,#1756,#817,.T.);
#2205=EDGE_CURVE('',#1756,#1757,#703,.T.);
#2207=EDGE_CURVE('',#1757,#1790,#663,.T.);
#2209=EDGE_CURVE('',#1790,#1807,#569,.T.);
#2211=EDGE_CURVE('',#1807,#1824,#611,.T.);
#2214=EDGE_CURVE('',#1820,#1793,#347,.T.);
#2218=ADVANCED_FACE('',(#2217),#2198,.F.);
#2224=EDGE_CURVE('',#1783,#1784,#373,.T.);
#2227=EDGE_CURVE('',#1820,#1784,#879,.T.);
#2231=ADVANCED_FACE('',(#2230),#2223,.T.);
#2237=EDGE_CURVE('',#1770,#1771,#455,.T.);
#2239=EDGE_CURVE('',#1743,#1771,#403,.T.);
#2241=EDGE_CURVE('',#1743,#1742,#843,.T.);
#2243=EDGE_CURVE('',#1815,#1742,#407,.T.);
#2245=EDGE_CURVE('',#1815,#1774,#791,.T.);
#2249=EDGE_CURVE('',#1767,#1784,#415,.T.);
#2251=EDGE_CURVE('',#1770,#1767,#419,.T.);
#2255=EDGE_CURVE('',#1738,#1786,#424,.T.);
#2257=EDGE_CURVE('',#1786,#1738,#429,.T.);
#2261=ADVANCED_FACE('',(#2254,#2260),#2236,.F.);
#2268=EDGE_CURVE('',#1770,#1814,#495,.T.);
#2270=EDGE_CURVE('',#1771,#1814,#481,.T.);
#2274=ADVANCED_FACE('',(#2273),#2266,.T.);
#2281=EDGE_CURVE('',#1814,#1766,#490,.T.);
#2287=ADVANCED_FACE('',(#2286),#2279,.F.);
#2293=EDGE_CURVE('',#1802,#1819,#525,.T.);
#2295=EDGE_CURVE('',#1819,#1797,#577,.T.);
#2297=EDGE_CURVE('',#1797,#1762,#739,.T.);
#2299=EDGE_CURVE('',#1741,#1762,#499,.T.);
#2301=EDGE_CURVE('',#1741,#1743,#869,.T.);
#2306=EDGE_CURVE('',#1766,#1802,#565,.T.);
#2310=ADVANCED_FACE('',(#2309),#2292,.F.);
#2317=EDGE_CURVE('',#1802,#1817,#561,.T.);
#2319=EDGE_CURVE('',#1819,#1817,#551,.T.);
#2323=ADVANCED_FACE('',(#2322),#2315,.T.);
#2330=EDGE_CURVE('',#1811,#1817,#581,.T.);
#2336=ADVANCED_FACE('',(#2335),#2328,.F.);
#2342=EDGE_CURVE('',#1810,#1807,#637,.T.);
#2345=EDGE_CURVE('',#1790,#1791,#689,.T.);
#2347=EDGE_CURVE('',#1769,#1791,#573,.T.);
#2349=EDGE_CURVE('',#1769,#1797,#765,.T.);
#2357=ADVANCED_FACE('',(#2356),#2341,.F.);
#2368=ADVANCED_FACE('',(#2367),#2362,.T.);
#2375=EDGE_CURVE('',#1757,#1791,#699,.T.);
#2380=ADVANCED_FACE('',(#2379),#2373,.T.);
#2387=EDGE_CURVE('',#1769,#1762,#694,.T.);
#2392=EDGE_CURVE('',#1815,#1756,#708,.T.);
#2395=EDGE_CURVE('',#1741,#1742,#713,.T.);
#2399=ADVANCED_FACE('',(#2398),#2385,.F.);
#2410=ADVANCED_FACE('',(#2409),#2404,.T.);
#2421=ADVANCED_FACE('',(#2420),#2415,.T.);
#2432=ADVANCED_FACE('',(#2431),#2426,.T.);
#2444=ADVANCED_FACE('',(#2443),#2437,.F.);
#2451=EDGE_CURVE('',#1800,#1786,#883,.T.);
#2453=EDGE_CURVE('',#1800,#1737,#907,.T.);
#2455=EDGE_CURVE('',#1737,#1738,#887,.T.);
#2459=ADVANCED_FACE('',(#2458),#2449,.T.);
#2466=EDGE_CURVE('',#1737,#1800,#902,.T.);
#2472=ADVANCED_FACE('',(#2471),#2464,.T.);
#2478=EDGE_CURVE('',#1796,#1748,#892,.T.);
#2480=EDGE_CURVE('',#1748,#1796,#897,.T.);
#2488=ADVANCED_FACE('',(#2483,#2487),#2477,.F.);
#2494=EDGE_CURVE('',#1782,#1749,#932,.T.);
#2496=EDGE_CURVE('',#1789,#1782,#978,.T.);
#2498=EDGE_CURVE('',#1822,#1789,#1024,.T.);
#2500=EDGE_CURVE('',#1803,#1822,#1049,.T.);
#2502=EDGE_CURVE('',#1796,#1803,#1054,.T.);
#2505=EDGE_CURVE('',#1748,#1749,#1543,.T.);
#2509=ADVANCED_FACE('',(#2508),#2493,.T.);
#2515=EDGE_CURVE('',#1794,#1760,#1062,.T.);
#2517=EDGE_CURVE('',#1760,#1758,#1508,.T.);
#2519=EDGE_CURVE('',#1758,#1759,#1128,.T.);
#2521=EDGE_CURVE('',#1782,#1759,#1058,.T.);
#2524=EDGE_CURVE('',#1749,#1794,#1685,.T.);
#2528=ADVANCED_FACE('',(#2527),#2514,.T.);
#2534=EDGE_CURVE('',#1772,#1744,#1066,.T.);
#2536=EDGE_CURVE('',#1744,#1745,#1338,.T.);
#2538=EDGE_CURVE('',#1745,#1760,#1533,.T.);
#2541=EDGE_CURVE('',#1794,#1772,#1660,.T.);
#2545=ADVANCED_FACE('',(#2544),#2533,.T.);
#2551=EDGE_CURVE('',#1773,#1798,#1070,.T.);
#2553=EDGE_CURVE('',#1798,#1752,#1398,.T.);
#2555=EDGE_CURVE('',#1752,#1744,#1363,.T.);
#2558=EDGE_CURVE('',#1772,#1773,#1614,.T.);
#2562=ADVANCED_FACE('',(#2561),#2550,.T.);
#2568=EDGE_CURVE('',#1822,#1763,#1074,.T.);
#2570=EDGE_CURVE('',#1763,#1753,#1453,.T.);
#2572=EDGE_CURVE('',#1753,#1798,#1423,.T.);
#2575=EDGE_CURVE('',#1773,#1803,#1568,.T.);
#2580=ADVANCED_FACE('',(#2579),#2567,.T.);
#2586=EDGE_CURVE('',#1789,#1775,#1078,.T.);
#2588=EDGE_CURVE('',#1775,#1776,#1162,.T.);
#2590=EDGE_CURVE('',#1776,#1763,#1478,.T.);
#2596=ADVANCED_FACE('',(#2595),#2585,.T.);
#2603=EDGE_CURVE('',#1759,#1787,#1103,.T.);
#2605=EDGE_CURVE('',#1787,#1775,#1187,.T.);
#2611=ADVANCED_FACE('',(#2610),#2601,.T.);
#2619=EDGE_CURVE('',#1787,#1758,#1133,.T.);
#2623=ADVANCED_FACE('',(#2622),#2616,.T.);
#2629=EDGE_CURVE('',#1805,#1787,#1192,.T.);
#2632=EDGE_CURVE('',#1758,#1745,#1538,.T.);
#2634=EDGE_CURVE('',#1745,#1813,#1373,.T.);
#2636=EDGE_CURVE('',#1780,#1813,#1137,.T.);
#2638=EDGE_CURVE('',#1780,#1779,#1206,.T.);
#2640=EDGE_CURVE('',#1779,#1805,#1201,.T.);
#2644=ADVANCED_FACE('',(#2643),#2628,.T.);
#2653=EDGE_CURVE('',#1776,#1805,#1197,.T.);
#2657=ADVANCED_FACE('',(#2656),#2649,.T.);
#2664=EDGE_CURVE('',#1779,#1780,#1211,.T.);
#2667=EDGE_CURVE('',#1813,#1752,#1368,.T.);
#2669=EDGE_CURVE('',#1752,#1753,#1428,.T.);
#2671=EDGE_CURVE('',#1753,#1776,#1483,.T.);
#2676=ADVANCED_FACE('',(#2675),#2662,.T.);
#2686=EDGE_CURVE('',#1863,#1864,#1216,.T.);
#2688=EDGE_CURVE('',#1864,#1863,#1221,.T.);
#2692=ADVANCED_FACE('',(#2685,#2691),#2681,.T.);
#2698=EDGE_CURVE('',#1859,#1860,#1230,.T.);
#2700=EDGE_CURVE('',#1860,#1864,#1247,.T.);
#2703=EDGE_CURVE('',#1859,#1863,#1225,.T.);
#2707=ADVANCED_FACE('',(#2706),#2697,.F.);
#2714=EDGE_CURVE('',#1859,#1855,#1243,.T.);
#2716=EDGE_CURVE('',#1855,#1856,#1252,.T.);
#2718=EDGE_CURVE('',#1860,#1856,#1239,.T.);
#2722=ADVANCED_FACE('',(#2721),#2712,.F.);
#2728=EDGE_CURVE('',#1860,#1859,#1235,.T.);
#2731=EDGE_CURVE('',#1856,#1855,#1257,.T.);
#2736=ADVANCED_FACE('',(#2735),#2727,.F.);
#2748=ADVANCED_FACE('',(#2747),#2741,.F.);
#2758=EDGE_CURVE('',#1843,#1844,#1262,.T.);
#2760=EDGE_CURVE('',#1844,#1843,#1271,.T.);
#2764=ADVANCED_FACE('',(#2757,#2763),#2753,.T.);
#2771=EDGE_CURVE('',#1844,#1835,#1275,.T.);
#2773=EDGE_CURVE('',#1835,#1836,#1280,.T.);
#2775=EDGE_CURVE('',#1843,#1836,#1266,.T.);
#2779=ADVANCED_FACE('',(#2778),#2769,.T.);
#2787=EDGE_CURVE('',#1836,#1835,#1285,.T.);
#2792=ADVANCED_FACE('',(#2791),#2784,.T.);
#2802=EDGE_CURVE('',#1831,#1832,#1290,.T.);
#2804=EDGE_CURVE('',#1832,#1831,#1295,.T.);
#2808=ADVANCED_FACE('',(#2801,#2807),#2797,.T.);
#2814=EDGE_CURVE('',#1839,#1840,#1300,.T.);
#2816=EDGE_CURVE('',#1831,#1840,#1304,.T.);
#2819=EDGE_CURVE('',#1832,#1839,#1313,.T.);
#2823=ADVANCED_FACE('',(#2822),#2813,.F.);
#2830=EDGE_CURVE('',#1840,#1839,#1309,.T.);
#2834=ADVANCED_FACE('',(#2833),#2828,.T.);
#2846=ADVANCED_FACE('',(#2845),#2839,.F.);
#2858=ADVANCED_FACE('',(#2857),#2851,.T.);
#2869=ADVANCED_FACE('',(#2868),#2863,.T.);
#2880=ADVANCED_FACE('',(#2879),#2874,.T.);
#2891=ADVANCED_FACE('',(#2890),#2885,.T.);
#2906=ADVANCED_FACE('',(#2905),#2896,.T.);
#2918=ADVANCED_FACE('',(#2917),#2911,.T.);
#2919=CLOSED_SHELL('',(#1878,#1890,#1905,#1918,#1933,#1948,#1962,#1977,#1990,
#2005,#2018,#2033,#2046,#2061,#2074,#2089,#2102,#2117,#2130,#2146,#2163,#2178,
#2193,#2218,#2231,#2261,#2274,#2287,#2310,#2323,#2336,#2357,#2368,#2380,#2399,
#2410,#2421,#2432,#2444,#2459,#2472,#2488,#2509,#2528,#2545,#2562,#2580,#2596,
#2611,#2623,#2644,#2657,#2676,#2692,#2707,#2722,#2736,#2748,#2764,#2779,#2792,
#2808,#2823,#2834,#2846,#2858,#2869,#2880,#2891,#2906,#2918));
#2920=MANIFOLD_SOLID_BREP('',#2919);
#2921=(LENGTH_UNIT()NAMED_UNIT(*)SI_UNIT(.MILLI.,.METRE.));
#2922=(NAMED_UNIT(*)PLANE_ANGLE_UNIT()SI_UNIT($,.RADIAN.));
#2925=(NAMED_UNIT(*)SI_UNIT($,.STERADIAN.)SOLID_ANGLE_UNIT());
#2927=(GEOMETRIC_REPRESENTATION_CONTEXT(3)GLOBAL_UNCERTAINTY_ASSIGNED_CONTEXT((
#2926))GLOBAL_UNIT_ASSIGNED_CONTEXT((#2921,#2924,#2925))REPRESENTATION_CONTEXT(
'ID1','3'));
#2928=ADVANCED_BREP_SHAPE_REPRESENTATION('',(#2920),#2927);
#2935=PRODUCT_DEFINITION('part definition','',#2934,#2931);
#2936=PRODUCT_DEFINITION_SHAPE('','SHAPE FOR C-ANT-868-CW-RCS.',#2935);
#2937=SHAPE_ASPECT('','solid data associated with C-ANT-868-CW-RCS',#2936,.F.);
#2938=PROPERTY_DEFINITION('',
'shape for solid data with which properties are associated',#2937);
#2939=SHAPE_REPRESENTATION('',(#2920),#2927);
#2940=SHAPE_DEFINITION_REPRESENTATION(#2938,#2939);
#2941=(LENGTH_UNIT()NAMED_UNIT(*)SI_UNIT(.MILLI.,.METRE.));
#2945=PROPERTY_DEFINITION('geometric validation property',
'area of C-ANT-868-CW-RCS',#2937);
#2946=REPRESENTATION('surface area',(#2944),#2927);
#2947=PROPERTY_DEFINITION_REPRESENTATION(#2945,#2946);
#2948=(LENGTH_UNIT()NAMED_UNIT(*)SI_UNIT(.MILLI.,.METRE.));
#2952=PROPERTY_DEFINITION('geometric validation property',
'volume of C-ANT-868-CW-RCS',#2937);
#2953=REPRESENTATION('volume',(#2951),#2927);
#2954=PROPERTY_DEFINITION_REPRESENTATION(#2952,#2953);
#2956=PROPERTY_DEFINITION('geometric validation property',
'centroid of C-ANT-868-CW-RCS',#2937);
#2957=REPRESENTATION('centroid',(#2955),#2927);
#2958=PROPERTY_DEFINITION_REPRESENTATION(#2956,#2957);
#2959=(LENGTH_UNIT()NAMED_UNIT(*)SI_UNIT(.MILLI.,.METRE.));
#2963=PROPERTY_DEFINITION('geometric validation property',
'area of C-ANT-868-CW-RCS',#2936);
#2964=REPRESENTATION('surface area',(#2962),#2927);
#2965=PROPERTY_DEFINITION_REPRESENTATION(#2963,#2964);
#2966=(LENGTH_UNIT()NAMED_UNIT(*)SI_UNIT(.MILLI.,.METRE.));
#2970=PROPERTY_DEFINITION('geometric validation property',
'volume of C-ANT-868-CW-RCS',#2936);
#2971=REPRESENTATION('volume',(#2969),#2927);
#2972=PROPERTY_DEFINITION_REPRESENTATION(#2970,#2971);
#2974=PROPERTY_DEFINITION('geometric validation property',
'centroid of C-ANT-868-CW-RCS',#2936);
#2975=REPRESENTATION('centroid',(#2973),#2927);
#2976=PROPERTY_DEFINITION_REPRESENTATION(#2974,#2975);
#2977=SHAPE_DEFINITION_REPRESENTATION(#2936,#2928);
ENDSEC;
END-ISO-10303-21;
